1	1299731	10	用小学生作文的口气来说，对资本主义批判得很厉害
2	1299731	8	看多了西部片，就会发现男主角大多都不是助人为乐行侠仗义的高大形象，相反“事不关己，高高挂起”的居多。这片子有民族色彩在里面，所以不好评价。后半段很沉重，无非还是那句话：仗义每从屠狗辈
3	1299731	10	很早以前在电视上看的此片，也是第一次看到保罗.纽曼的表演，当时就觉得很惊艳，阳光下纽曼的眼睛真是太美了。
4	1299731	8	片子前半段在极力避免英雄主义，最后还是拍了个英雄，不喜欢这种剧情设置，明知不可为而为之，和明知不可为而放任其为之一样让人恼火。除了片子主题，其他都挺像关山飞渡，只是没后者好。
5	1299731	7	Master shot調度上，Paul Newman是幾乎都在（文明世界）邊緣的「孤狼」，但隨著故事發展，時而進入中心。主角決定代替女主角涉險前的master shot，兼過肩POV。採用Panavision才能這麼大膽玩寬銀幕邊角吧。金錢，武力，水，各場景的資源對抗。開場用水誘捕馬，對望。名字，die as John Russell…
6	1292702	6	想下的是Ethan Hawke的那部 结果下错了 这片除了嫩嫩的德普真心没什么看头
7	1292702	10	德普在里面的扮相真实，只是剧情是在蹩脚
8	1292702	10	片子果然有够烂，其实这个题材还是不错的，感觉导演没拍好，如果能剪碎再加点倒叙，像诺兰那种的，这戏就精彩了，也就不会浪费德普了。。
9	1292702	6	Johnny Johnny Johnny 你有一萬個機會殺了那男的 可是你卻在電影最後才出手....如果不是因為johnny我才不會看這片子
10	1292702	9	看了一个影评突然想起之前在CHC看的这片了、话说95年那会德普好嫩啊=。=这片纯就是看男猪、故事一般、漏洞太多、狗血情节
11	1947265	6	看来只有我讨厌这种画风~想评负分可不可以啊~
12	1947265	7	看似独特前卫的画风今天看已经有些过时了，内容喧哗得让人很难集中注意力。。已经可以和这类动画告别了
13	1947265	8	帅爆了，帅爆了，帅爆了，帅爆了，帅爆了，帅爆了，帅爆了，帅爆了，帅爆了，爆了。探究动画极致的作品。
14	1947265	10	看这部动画的时候我想起两部作品，一部是昆丁的Kill Bill，另一部是天生杀人狂。论变态，此片不及Natural Born Killers；论夸张血腥，真人电影则无法媲美动画。借一位网友的话说，“忍不住借用一句台词：‘无论再看见什么我也不会吃惊了’”在令人目不暇接的震惊和令人恶心之间，尺度掌握的算是不错
15	1947265	9	充满导演个人色彩的写意之作,放浪不羁,个性十足,打斗激烈,热血爆棚,还有通篇的槽点,总之太赞了!
16	1308819	7	她又胖了。Darcy还是原来的Darcy。这两个人的斗殴还是和以前一样的喜感。电影散场，梦还是残缺的。
17	1308819	10	真正勇敢的单身女郎就算关进监狱也要大声唱歌。故事写错了另起一行就是，明天起重新回到生活轨道。
18	1308819	10	自上集两帅哥打得鼻青脸成劲爆点后，本集配着欢快的音乐继续厮打。BJ的水桶腰仍束着阿嬷大内裤，肥嘟嘟的肉脸和香肠嘴延续傻大姐风范，她神经大条、笨手笨脚，却总能上演丑女大翻身。上集科林大叔戏份不多，本集他的性感、绅士、深情成了最大看点，休格兰特再次沦为炮灰。两部BJ的歌曲都非常棒。
19	1308819	8	年轻时看没觉得，现在再看觉得编剧真不是人，安排Mark Darcy这样的男人这样谈恋爱，还让不让别人谈恋爱了？！
20	1308819	8	2007-2-23
21	10746041	7	疯狂至极
22	10746041	7	故事再好一点就完美了。细节赞。
23	10746041	9	动画界污力老司机。
24	10746041	6	有点污
25	10746041	6	屎上最污粘液MORNING WOOD~~~~~`
26	1401329	8	多角情欲主题：人类情欲需求的游离不定，在高度礼仪规范化的日本家庭中，游丝紊乱暗潮激涌的性状。从大正三部曲开始，铃木清顺彻底不讲故事了，影像只为抒情写意，这种取舍让铃木清顺从匠人蜕变成了大师。话说在女性口腔和裆下显现的红色螃蟹，可谓是影史上冲击力最强的超现实主义影像之一【9↑】
27	1401329	10	追求极致的音乐、色彩、布景、运镜，观影过程却难令我耽美。对情欲克制却无限诱人的呈现，对死亡无底线的迷恋，梦境迂回，哀婉与凄艳之美都源自某种危险的空洞和不健全。最好的部分是三盲丐的简洁穿插，让我想起布鲁盖尔的那幅画。最喜欢雪地绳缚+酒肆灯灭。三星有点出于最近给罗曼罗兰感染的以德是瞻
28	1401329	6	4.5。黑披风！你喜欢我的骨头吗？①铃木清顺“浪漫三部曲”之一。②序幕于萨拉塞蒂老唱片，宛似谱一曲私密史诗。③全片时空陡转、隐喻满布，诡谲如寺山修司。④两男一女卖唱行乞的盲艺人。⑤沙砾入眼以舌舔舐+1。⑥外围空间：木桥隧道海滩山崖。⑦中砂自葬于樱树&士兵被葬于青松，一者速朽一者永垂。
29	1401329	10	おかしな、変な、不思議な、面妖な、奇天烈な、怪しい……大正诡异啊，平成年代的人大概再也拍不出这种异色气质了。
30	1401329	10	d9
31	1296246	8	好看好看！一个人看电影果然很爽！
32	1296246	8	Have You Ever Really Loved a Woman? https://www.youtube.com/watch?v=Vqp0O6vqJmQ
33	1296246	9	色心难改 Johnny Depp was so wonderful
34	1296246	7	趁今天是约翰尼德普的生日，特地看了这个片子~恩~感觉豆瓣这片子的分数略高啊，难道是为了马龙白兰度么？我只想说，里面的约翰尼德普好帅啊，浪漫是可以传染的！！
35	1296246	9	浪漫的极致。现实也好，虚幻也好，你眼里所看到的是什么世界呈现出的就是怎样的人生态度。双线并驾齐驱，最终完美结合在一起，又诗意又浪漫，又激荡又动人。JohnnyDepp和MarlonBrando两代男神联袂出演，相当完美的组合。
36	19955871	8	我有一台山地车，我从来也不骑
37	19955871	6	山地自行车精彩片段展示片。大自然成功解放天性
38	19955871	9	自行车风光片
39	19955871	6	好译名，好配乐。这些人觉得就这么在车轮上燃烧生命也不错。
40	19955871	8	我总是沉迷于不同地方的景色
41	1294438	8	搏击俱乐部的大鸡鸡。今敏的精分演员。索拉里斯的海边别墅。穆赫兰道的双女之梦。实体化的心灵舞台。独角戏。极简的布置，室内剧感。海边的奔走长镜。叙事过于碎块化。看的第一部英格玛·伯格曼，太多可作起源性的符号参照解读，先行作个四星基准。摄影让人惊叹，忍不住再加一星。
42	1294438	7	两人的关系可看作是所有关系的一个总结和缩影，具有强烈的普世性，痛苦是人生的本质，精神炼狱是最终归宿，当假面脱落，外在崩塌，影像重合，一度无限接近的她们必然再次疏远；电影不是一种记录，而是一种梦幻；“我的电影从来无意写实，它们是镜子，是现实的片断，几乎跟梦一样。”
43	1294438	7	梦是唯一的真实。语言是人类的囚笼。世界上的另一个我是无法告白的假面。
44	1294438	7	从来没有一部电影会让我莫名其妙的去关注和记忆每一个镜头。这是一部很形而上的电影，包括了哲学和心理学。我的理解是一个演员分裂成了两个人在体验生活和对付生活。
45	1294438	9	这确实是一部为了电影才能构思出来的电影
46	25787475	7	妈妈一定会以为我在看SM性爱录像٩(๑❛ᴗ❛๑)۶
47	25787475	9	历史频道愈发媚俗，剧中很多桥段都严重违背史实，间谍论这种一面之词也被搬来。我们怀念胡迪尼并不是因为他魔术多精湛，而是在科学不发达，愚昧丛生的年代，他致力于揭露伪科学。
48	25787475	6	期望值原不高，意外地却还好看，许多魔术桥段反复呈现，但每次抖包袱，仍叫人看得屏住呼吸、手心捏汗。 Adrien.Brody 的眼袋和脸上掩饰不住的倦色告诉我，男神老了。
49	25787475	9	纸小鸟那个魔术不错，没揭秘，柯南道尔和马克吐温在这片子里都变成傻逼了，哎
50	25787475	6	该迷你剧强于好多美剧和电视电影~艾德里安布洛迪的演技真不是盖的，演啥像啥！他个性的鼻子及其样貌非常适合扮演来自上个世纪甚至更久之前的不凡人物，本剧讲述了魔术师胡迪尼的一生，从儿时开窍到青年巅峰再到中年痴狂再到行将就木~该剧既揭示了一些魔术的伎俩，又保持了魔术的神秘性！这是一部佳作！
51	1432778	6	以侧面描写主人公为主 手法独特而犀利
52	1432778	8	有点《公民凯恩》式剥洋葱叙事的影子，形式不错，可是这么好的主题玩砸了
53	1432778	10	借用公民凯恩的结构，筱田正浩尝试了不少东西
54	1432778	6	又是那种借多人叙述抽丝剥茧丰富人物性格的叙事结构。运镜很有特点，结尾的主观加手持更是与众不同。
55	1432778	8	日本剑戟片大多喜爱用别人的回忆或口述，拼凑还原出形象丰满的冠世英豪。筱田正浩更为显著，淡化动作武指方面的笔墨，着重突出个性鲜明的主角。《盲女阿铃》《枪圣权三》皆如是。运镜也很流畅柔美，只是暗涌的忠勇情结很难全情投入。
56	2286311	7	E.P de René Viénet Détournement de 唐手跆拳道 de 屠光启
57	2286311	10	有趣的实验电影
58	2286311	9	情境主义功夫片，叙述国家资本主义下无产阶级与官僚资本的冲突......
59	2286311	10	Détournement实践，但只是音轨的再加工
60	2286311	7	
61	1305747	6	演员阵容强大除了霍普以外还有维克多.麦克拉格伦和沃尔特.布伦南，当然不管有什么样的演技高手这还是一部典型的鲍勃.霍普电影，布伦南也一如既往的万金油，只要有他参与的桥段都有种自然流露的喜感，而公主真是个鸡肋角色几乎就是个活道具。。。PS脱线先生中的纹身洗澡桥段的灵感或许就来自本片
62	1305747	8	3.5/5 脱口秀
63	1305747	9	好玩
64	1305747	10	整部电影像是一出真正的戏剧#男主长得很适合演喜剧#许多场景都很有感觉，是像故事一样的皇室复古#国王真的好像扑克牌啊23333#像结局一样，男主笑着说拼死救出了公主最后却为别人做了嫁衣，所以以后遇到这样的事情，就当作自己演了一个喜剧笑一笑平静的过去了
65	1305747	8	大学时上课时放的，非常好笑。
66	1863433	8	出来混，迟早要还的
67	1863433	9	当年被《看电影》上一张剧照蒙骗而在北京千辛万苦地寻到这张碟，传说是外国版PTU，其实吧，没什么相似。D版碟翻译全是错的，只好靠听力，幸好不是太难……还是挺好看的，色彩不错，带着气球飞向月亮的小猴子是标准的煽情点。
68	1863433	10	真的很有杜琪峰风格，其实结构和情节细节设置都不错，值得4分。不过也就像LG所说，看完了不理解想表达什么。这也是应试教育下的弊端吧
69	1863433	7	很有老电影的风格
70	1863433	8	20180522 GTL 好片，中规中矩，剧情好，节奏好，最后是会飞的猴子。各种细节增添了片子的力度和真实感，和人妖的偶然冲突造成男主的死亡、希望猴子飞的儿童，陌路女的死，有种的洗碗工。
71	1305214	10	我更愿意听辛拉特纳的歌
72	1305214	6	果然是那个年代才能有的欢快调调，后面大逃亡时的紧张气氛也营造不错，虽然把敌人拍的还是很蠢。结尾用个人悲剧换来了集体胜利，有点意外。
73	1305214	8	经典的战俘大逃亡片，更是一场另类的铁道旅行大片！那列被劫持的火车，从意大利南部的某战俘营出发，一路穿过罗马、佛罗伦萨、维罗纳和米兰，最后一头扎进阿尔卑斯山，逃到了安全的瑞士！剧情时而紧张刺激，时而令人捧腹。美丽的画面背后，亦有黯然神伤之处。各方面都完成的极好，除了德军稍稍弱智了一点。
74	1305214	8	感谢豆列http://movie.douban.com/doulist/32755/！
75	1305214	6	启发了肖申克的救赎许多越狱场景
76	1298040	8	哈哈哈梁朝伟很可爱
77	1298040	7	演员如今都是大牌，冲这颜值给高分
78	1298040	8	经典，以前的电影都很有感觉，故事都很凄美，现在的……不忍直视
79	1298040	9	没有了张国荣，这个系列还怎么……啊，真香。梁朝伟和张学友喜剧天赋满分，王祖贤利智还是美，不管故事单薄与否，加入了和尚这个元素竟然给系列平添了一份纯真的感觉，这部也是三部曲里我看的最嗨皮的一部
80	1298040	10	徐克与程小东合作的《倩女幽魂》，拍到第三集时作了一个相当大的变动，原来的书生张国荣与道士午马退出演员阵容，改由梁朝伟饰演的十方和尚担纲，张学友饰演的燕赤霞则以他的偶像命名，而原来的倩女王祖贤和姥姥刘兆铭则保留，加上性感的利智饰演冶艳女鬼。就是诱惑来诱惑去，没多大意思。
81	1300754	6	每次老牛吃嫩草的时候我都觉得的确是污点
82	1300754	10	由于一个含义存疑的单词Spooky而被扣上种族主义的帽子，丢掉了大学任教的工作，但皮肤近白的他却不能或更准确地说是不肯以自己的黑人身份去抗辩，因为这正是他穷其一生不惜代价也要隐瞒的天大秘密！……史上最难归为天理昭昭的诗意正义。选角霍普金斯与基德曼受到诟病，加之俩人在戏中也确实不来电。
83	1300754	7	虐恋啊，人种论，种族歧视。Miller这里要不要太帅啊，真心觉得瘦对男人很重要。
84	1300754	9	我更喜欢原著 虽然在某種意义上类似于哲学论文 但是人物置于道德和政治的横向语境 讓我更以瞥見美國當代文化背景 而且將人物命運探索指向更深的境地. 電影太多的關係和影響輕描淡寫了.驚喜於nicole的＂突破性＂表演 和miller青澀的樣子.
85	1300754	6	三星给演员的出色演技，一星给最爱的妮可基德曼。她抽烟时的落拓，跳舞时的优雅，无不像艺术品。
86	1417945	7	日語唱板牙調調真是怪死了 居然出現環法那個老頭子(-_-;)
87	1417945	10	相当有feel的小品式作品 吐槽一下日语西班牙风格- -要是换西班牙语应该非常棒的歌才对。。
88	1417945	9	拿出来重看，终于能看懂了，绝对的五星，ost绝赞！
89	1417945	6	为了那首经典歌曲,也应该围观一下...
90	1417945	10	写《不去会死》的那个日本人也说安达卢西亚酒馆很美味，当地人很热情。我要40度的天去啊
91	1292403	9	美国七八十年代的经典电影全让罗伯特德尼罗给演了
92	1292403	7	我很想知道越南人当时是不是真把那游戏当娱乐了。片子太主观，但不是错。前戏虽然太长，但看20分钟就知道是好片子。克里斯托弗明显演得比德尼罗好，而片子开头把德尼罗的名字放在导演前面，就说明是靠他老人家赚票房的，因此硬汉形象从头撑到尾，审美疲劳。音乐好，但最后GOD BLESS AMERICA太好笑，弄半天是美国人被欺负了啊……
93	1292403	9	又臭又长
94	1292403	9	开头的婚礼无疑是场面中的经典片段
95	1292403	8	#欣赏不来系列#不同年代的情节完全没有过渡，显得有些生硬；Leaky的黑化（或者是走火入魔？）也是有些看不懂，战争综合症？猎鹿的寓意也不是很懂，唯一印象深刻的是众人在酒吧合唱can't keep my eyes off you
96	1300583	9	挺舒服的小品剧，Russell Crowe真萌~~~
97	1300583	6	两个老太太引人深思，两个lads很帅很来电。个人非常不喜欢那个爸爸，自我意识太强，两次故意介入破坏了儿子和官配的好事。说自己never ashamed of Jeff，却羞于告诉女朋友这个事实。这不是羞耻心作祟是什么？
98	1300583	8	史上最萌父子抱团袭来！那时候的罗素·克劳真是嫩得能掐出水来。★★★
99	1300583	7	2016.10.19 一部温馨的小品，自然而流畅。祖母的那段故事简直惨烈，我都有些不忍心打上“喜剧”的标签了。年轻时的Russell Crowe真是如假包换的帅哥。
100	1300583	7	把电影做成一本书，读一本书时，一切感受都变得再自然不过！【耻于杰夫？不会！失望？是的，失望于我永远不会有孙子孙女。我很愿意相信，他会错过一些美好的事，像我和他妈妈一样，播种生命，看着它成长。看着他。但当他绝不会不会拥有这些时，我只希望他拥有一切他能有的！】
101	1308836	9	梅格•福克斯也有在校园片里演坏女配的时候，而且其实还蛮适合的。林赛再次证明了成名太早是悲剧。
102	1308836	9	LindsayLohan 很棒 但是这部太少女了 不喜欢
103	1308836	7	I know my new york.musical还是魅力无穷阿，跳舞吧唱歌吧，drama queen
104	1308836	7	相信MEGAN FOX就是通过这部片火的吧，她确实比林赛要火辣，可以说有点抢镜了。不过这样的青春片还是不能满足现在的市场了，LOLA话又多又爱撒谎，不过做一个DREAMER总是没有错的，even it's wild.
105	1308836	10	我妹极力推荐我看的，结果看到一半她跟我吐槽说当年不知道为什么会觉得这样一部电影很好看。
106	1296824	9	★★★☆：罗彻斯特性格演的还蛮出味
107	1296824	7	你以为我穷，不好看，就 没有感情吗？我也会的，如果上帝赋予我财富和美貌，我一定使你难于离开我！ 就象现在我难于离开你！上帝没有这样！我们的精神是同等的！就如同你跟我经 过坟墓，将同样站在上帝面前！
108	1296824	8	随便扫了一下，我当时就只觉得构图调度真的是好 ，看到男主时觉得怎么长的那么像奥逊威尔斯 ~~查了下真的是奥逊威尔逊演的！虽然觉得他演罗彻斯特有点不太适应，但是还是对片子的调度运镜非常佩服
109	1296824	8	美国人臆想中的19世纪英国实在过于粗糙，无论是服饰还是语音上面都不是一部优秀的古装片。此一时期美国人制作了大量的欧洲名著改编片，有好有坏，《简爱》算其中较好阐释原著内涵的一部。虽然删除沼泽局一段是我不能接受的，但琼芳登塑造的简爱已成为了观众心中难以抹去的印象。
110	1296824	8	十岁左右有年夏天电视里播，一惊一乍地跟着看完了。十几年后找来重看，那些画面全部都还记得。小姑娘的演员长得很美，琼芳登也很美，竟然还有伊莉莎白泰勒，气质惊艳。电影谈不上多喜欢，但却记得。好久以后才去读了书。
111	4004731	6	做艺术的敢不敢真诚一点，就好像这样
112	4004731	6	1. 常用标签竟然没有文章？他演得太好了！！！2. 严重怀疑给这片打一星或者两星的，要么冷血，要么就是讨厌某个演员，故意往低里打。3. 新闻发布会上见证了感人一幕，决定尽力拉所有人去看这部影片！
113	4004731	6	父爱如山此话不假。李大哥弃武从文演起剧情片来，演技也是扛扛滴。
114	4004731	10	李连杰演文艺片，意外的还挺好，文章演得也不错。看得挺难受，关注自闭症患者。
115	4004731	8	事实证明一个好故事 对于一部电影来说有多么重要
116	1296444	6	画面太无力，伟大就是要从用菊花开啤酒瓶的过程中爆发出来，梵高创作的痛苦几乎被肮脏的造型凌乱的布局etc消解殆尽
117	1296444	8	本片塑造了一个执着于描绘生活且极其神经质和情绪化的梵高，配乐也非常神经质。大概正是出于这样的创作意图，导演甚至完全略过了梵高进入精神病院后精神状况好转的那一段时光，也没有提到那幅平静安详愉悦并让人感动的名作《卧室》，连做戏的卧室也未全景拍出。这不是一个完整的梵高。高更形似！【NS】
118	1296444	8	切入点很好，不用神神叨叨那套来蒙人，而是让观众对艺术家的生活有更清醒的认识。资料准备充足，演员也做了很多功课。
119	1296444	8	片子本不壞，但不符史實太多就不要叫傳記了。另有槽點：仿畫也不仿的好點兒，好幾副都給進景呢。
120	1296444	7	因为是第一次译字幕，反反复复看了好多遍，印象更深了。我始终觉得提奥比文森特更伟大，文森特的成就只限于艺术，但提奥，却更懂得做人。他与文森特之间的感情早已超越兄弟之情，那种无私的付出，直至今天仍叫人惊叹不止。提取码：t32ad25a4f，字幕射手上搜吧。
121	1308932	6	好感动的骑行青年。
122	1308932	10	当他回家告诉父亲交易赔光包括父母积蓄的所有钱时，父亲展现坚强与勇气，鼓励他回到战场继续战斗。可当他离开后无意间再次折返，却发现父亲坐在桌旁，双手抱头绝望抽泣……可惜这动人一幕没有承接，影片被摇滚动作mtv的视听俗套所接管――伊伯特
123	1308932	10	我小时候非常非常非常喜欢的电影～jack cathy的名字成了自己～直到成了toler...
124	1308932	8	都是自行车送快递，但是比 2 seconds 差很多
125	1308932	8	kevin bacon有种特别的气质……The Closer的大婶不是很衬他……
126	1756584	9	原来她是小女孩……
127	1756584	10	演奏炫技上的角逐，真正的提琴高手竟然是深藏不露的小鬼.片子的创意一般，画面于2005年来说可以称得上是独孤求败，斗曲的衔接完成得也十分好..唯独结局上少了一些灵气，一袋子金币算是搞笑了，两枚丢入池子的钱是在赌气，最后片子无更多可以让人去回想的地方，仅能忆起一曲帕格尼尼。
128	1756584	7	小家伙发怒的样子太可爱喽~：）
129	1756584	9	如今看到他就想到影志
130	1756584	6	佳作！
131	25881888	9	伍迪艾伦有三宝，犯罪，出轨，绿茶婊。
132	25881888	10	完蛋了我竟然觉得应该把女学生推下去，然后和荡妇去欧洲啊……请康德拯救我
133	25881888	6	伍迪·艾伦的电影世界里，一群中产阶级不仅爱情活在理论的可能性里，连犯罪也是，理论上解决了，现实的层面上还是流于理论上。我只是特别好奇，华金·菲尼克斯的肚子是真的吗？
134	25881888	6	和赛末点的内核完全一样：人生不过是个俄罗斯轮盘，你永远不知道运气站在哪一边。对知识分子的调侃依然在，只是相比丢出的“存在主义”命题，既没深入探讨也没干脆利落地讥讽，老头真是日渐温和。结尾太弱了，但即便这样依然无法否认其叙事的超能力，看的过程还是很享受。
135	25881888	6	宁愿老头子少拍几部精拍一部，也不要这么一年一部赶节奏似的，质量参差不齐。
136	3796608	9	三倍速看片大法，剧情滥，格局小，倒长得的漂亮。女主清清冷冷的好看，演技也不错。话说我朝学子在校一般是习得80分、斗地主入门，而彼时求学巴黎的男主在学有所成的同时亦能成为一代赌神，学术氛围高下立判。
137	3796608	6	果然是爱恨一刹那，世界本就邋遢。突然明白了十字街头的这句歌词。故事很顺畅，但衔接不太好。开端的叙事表达和节奏都很好，气质质感都到位，但后面有点做作，也可称作矫情。
138	3796608	8	年轻人冲动幼稚的、不顾一切的、不计后果的、自以为是的、所谓的爱，最终毁了Elise，也埋葬了他自己。少女一直比他清醒也比他更爱得彻底投入， 也远比他更了解爱的真谛。
139	3796608	9	颇爱这种气质的童话。男主年轻时的行为很有喜感。很让人怀念的爱情幻想。
140	3796608	9	这片子简直像一部童话。
141	26656866	6	奇迹也许不会每次都发生，但爱可以一直都在~
142	26656866	9	基督教电影不以剧情和技法取胜，在简单平实中传递美好的信息。此片讲述的奇迹看似神奇，却在特定的故事环境中可信而又充满力量。“信是所望之事的实底，是未见之事的确据。”——希伯来书11：1。
143	26656866	8	鸡汤
144	26656866	6	母亲这个角色最为我动容，这样的奇迹也是因为有这么厚重的爱做基础吧。身边的爱你的人为你做的还有那么多不相识陌生人微小的善举比神明更强大。无宗教信仰的人对这样的电影不是很有感觉，但知道这是个真实的故事就觉得很感人，可惜的是太过煽情。
145	26656866	6	这片宣教意味不弄，煽情很重；然而为人父母者，难免不被感动。
146	26299473	6	故事还行，然而经不起仔细分析，第一人称看的有些晕，其他的摄像头视角也有些不自然。
147	26299473	9	丧尸+伪纪录片 again
148	26299473	6	最脑残的一点，见了女儿就该赶紧走。第一视角很有身临其境的感觉，把感染分成5个阶段来和人性搭边，丹尼斯的死也真正让女主体会到了末世人性的迅速消失，结尾女主把生的机会留给了已感染的女儿，深沉纯粹的感情很让人动容。整个片子既有想法又有创意，算丧尸片的佳作，揭破身份之前的情节还可以再缩减
149	26299473	10	又是一部一半的短片，我也是豆瓣电影喜加一了~
150	26299473	7	倍速。全程基本是头盔摄像头视角
151	1293590	8	经典哪~他们告诉我搭乘一辆名为欲望号的街车，换车去一个叫做墓地的地方，再坐6条街区，到天堂乐土下车。
152	1293590	8	卡赞代表作,威尼斯评审团大奖。1.费雯丽与白兰度反差鲜明的伟大表演,体验派与方法派的对决。2.破碎之镜=强暴暗示=幻梦消散=虚荣与谎言的崩解=灵魂死灭。3.剧本极佳,隐晦多义,过往轨迹逐层揭示,又留有开放空间。4.黑白光影与明灭街灯。5.卖丧葬花的老妪。ps：脑补同为体验派的阿佳妮如何演。（9.0/10）
153	1293590	9	有点受不了舞台剧式的表演方式....
154	1293590	8	一个活在过去的诗性人儿最终只能在疯人院渡过余生。
155	1293590	9	请不要让我这样潦草的老去
156	26253733	7	天了噜，还能再糟糕一点吗？★
157	26253733	7	这哪里是喜剧！？
158	26253733	7	我以为这是个喜剧片~~~哎~~~结果四不像，野心挺大，媒体黑幕，商业黑幕，人心叵测，社会危机，哎呦喂，这一大箩筐的东西要塞进去，结果哪个都没成功。不过这条人鱼的形象有点意思，竟然没有违和感，呆萌呆萌滴，我的注意力显然又歪了~~~~谁让这电影本身乱七八糟~~~~
159	26253733	10	讽刺不失温情
160	26253733	7	最后的那个结局自己有点感触，其他还好吧！
161	1293137	10	保持了ESCAPE FROM NEW YORK的风格，市中心滑浪实在CULT得有喜感
162	1293137	7	第一次结识Steve Buscemi,就是通过此片！~
163	1293137	7	画风太浮夸，感觉有不少电影都沿用了这种套路，《死亡天使》《赏金杀手》一类的…问题是，东影都引进过 (╯‵□′)╯︵┻━┻
164	1293137	9	If we cannot balance the two sides, we can shut down both of them.
165	1293137	8	A.K.A. Ulatra Hyper Escape from New York Super Turbo Special Champion 10 Anniversary Edition EX：有钱就要瞎豁豁
166	6531219	7	准备移民那一段还真是揪心，结果还是可想而知。本来很温情的故事，却说不出感觉怪怪的。 片尾比较励志，老rose的儿子长大成人开了一家pie店，偶然间被蜘蛛咬了一口，最终成长为蜘蛛侠 —— 蜘蛛侠前传—我的继父and life of pie.
167	6531219	9	凱特溫絲蕾把脆弱的單親母親演得絲絲入扣，把慾望、熱情如火的內心世界詮釋得很好。喬許布洛林充滿著西部牛仔和硬漢的風格形象，很適合這個鐵漢柔情的角色。 飾演小男孩亨利的蓋特林葛瑞芬，我覺得他的演技很出色，把一個彷徨害羞的男孩角色扮演的很細緻。如果不是這些演員的話，我想評價可能會不同！
168	6531219	6	ʕ•̫͡•ʕ*̫͡*ʕ•͓͡•ʔ-̫͡-ʕ•̫͡•ʔ*̫͡*ʔ-̫͡-ʔ，泪流满面。
169	6531219	9	有点狗血，三颗星给男女主的颜值
170	6531219	10	女主好美
171	1293760	8	2.5 每过几分钟就会有种“看不下去”的感觉。狠抓无厘头、适合全年龄尤其是nerd看的cult片，能在美国受到那么空前的欢迎，也许对标至今日，和《西虹市首富》在国内的情况差不多。
172	1293760	9	除了特技场面有点囧之外，其他还好。比尔·莫瑞绝对是冷面笑匠~
173	1293760	6	小时候看过动画片，现在才看了电影版，导演伊万·雷特曼还是杰森·雷特曼他爹。据说今年还要拍第三部呢。
174	1293760	7	在80s来说特效应该不错吧，西格尼的资历完全应该是队长，跟异形干过仗的大妞分明是刻意给机会被拯救啊啊啊啊 2017.1.6旮旯，还是很有冷冷的喜感，大棉花糖人。
175	1293760	9	当年Sigourney Weaver好漂亮~
176	7015732	10	其实Ulay的故事只是点缀。看到最后我似乎明白了那些流泪的观众的心情，生活中太多需要静心凝视的人和事物就这样在快节奏的步伐里错过，就像2010春夏的MoMA一样。她的生命就是艺术
177	7015732	10	本以为会是很枯燥、很空虚的艺术家传记，没想到这么深入灵魂的好看！“他们两个人漫步中国长城，一个从东边出发，一个从西边出发，最后在中点汇合，历经三个多月，可当他们相逢时，他们的感情却走到了终点…”作品之一《最后的恋人》就像一部浪漫凄美的爱情电影，令人唏嘘！锁定个人年度十佳！非常美！
178	7015732	9	论文艺女神经病如何培养女王气场
179	7015732	6	我最赞同的一点是Marina说“艺术家必须是个勇士，必须一直在战斗。”所以爱情可以毁灭，生活可以崩塌，可以被世人背叛误解遗弃，但不能放弃战斗。我在国内看过几个老艺术家的展览，他们无非是回顾、总结然后等待最后谢幕。而Marina是真正用生命在践行她的艺术，这是为什么她的艺术能一直鲜活而年轻。
180	7015732	9	表演与真实，傲慢与偏见。荒诞之表，真实之虚。
181	24879206	10	卡司都是硬菜。避税天堂下的政商勾结，间谍与反间，谋杀及其背后的故事，智商不够没跟上= =
182	24879206	8	★★★一帮腐国神卡司演绎老木逢春，整部电影大段大段的针锋相对的台词，英伦口音让人爽，喜欢的大呼过瘾，讨厌的讨厌无比。
183	24879206	7	「Johnny used to always say that life was about trust. Trust isn't always rewarded, but on the other hand, if you make decisions based on trust, then they'll have a sort of rightness to them.」「Can I as...
184	24879206	9	喜欢看这种不追求奢华的动作场面的笃悠悠的英片。伏地魔好帅
185	24879206	6	故事不错，女主是个尤物。
186	19897413	9	故事情节就算了，这对白是在说人话吗？——除非导演想表达雾霾和粉尘已经把俄罗斯人的智商全拉低了。苍白的呻吟我不埋单...
187	19897413	9	和他爹的[上帝难为]很像，你要花很长时间才能搞清楚导演的意图，看懂故事的关联性，明白电影的主题，几个章节独立展开很像读一本文学著作，台词的风格很像。俄国十月革命的一百年后，时代再次处于混乱的边缘，带着强烈的后末日时代的科幻色彩，就像一本现代俄罗斯社会的控诉书。★★★★
188	19897413	8	漫游者 伟大的注视与观察
189	19897413	8	“看我们是怎么溜这匹马的。” 异乡人、继承者，长梦、旧梦，未来总是无法摆脱历史。画面真是太安哲了！
190	19897413	7	第一章五星
191	25835479	10	金基德已经撕破任何伪装，一股脑将其通过在韩国社会生活的种种对人世间的感念直白的说出，甚至是咆哮而出。英语对白和一人分饰多角笑死了我了。最后的结尾和对话简直32个赞啊，完全和我的思路一致。金基德和我都会认为这是他最好的一部电影哒。看来不是我和金基德变态，而是这个世界太混蛋啊
192	25835479	6	补充思考：本片有两根灰线可以因循解读，一组卢瑟为了建立一个乌托邦以暴制暴，最终被暴力反噬；一个叫吴贤的一人分饰八角，是高利贷者、是暴虐的男友、是领命的杀手、是跋扈的顾客、是入定的僧人……每个人都是吴贤，吴贤又是每个人，每个人都是这个社会的施害者，也是受害者。
193	25835479	9	輪迴始終如一 妄想造上帝 妄想的烏托邦式改造 你以為別人跟你一樣處於底層劣勢就會與你一樣理念相同 終究不過是眾生而已 到頭來發現 其實你自己的清醒也不過是一廂情願 但總會有人朝著這種理想繼續 奮不顧身 但其實又毫無意義 你以為眾人皆醉我獨醒 但其實是 你也不過是泥鰍 成為不了黑魚便繼續沉淪
194	25835479	6	金基德真是悲天悯人，感慨身而为人的不幸与悲哀。人类社会的阶级、职位也是一条食物链，愤怒与妥协、能力与位置等等，都不是一己之力能够该改变的，有些东西生下来就决定了，你可能为了一个理想、一个目标奋斗一辈子，到头来却也只是失败告终，努力，很多时候并不能改变什么。
195	25835479	9	这还真是金基德的片子，如假包换。
196	3155405	6	30年代站在好莱坞的角度看上海 案子挺简单但还是比较有趣 陈查理虽然是个华人形象但塑造的很高大上 语言诗意待人友善机智又礼貌 另外一个很出彩的角色是查理的儿子 既担段子又出力 而且是个实打实的华人演的 30年代隔壁如火如荼的演着大恶人傅满洲的故事这里还有正派华人侦探破案系列实属难得
197	3155405	7	完全没我想得那么差，有环有扣，还有很多风情和华人讲中文的部分（多是广东话），总的来说是部说得过去的电影，但是也称不是多么多么引人入胜。陈查理和他的大儿子虽然很多方面仍然落入种族成见的窠臼，但形象和行为是完全高大友好礼貌正派，大儿子比起他的父亲则更加美式，是个有着东方母国痕迹的普通年轻美式大学生形象，也非常出彩。以上的设定对美籍华人的融入和平权有很大的帮助，比同时期的傅满洲不知道高到哪里去了；即使是...
198	3155405	6	两颗星
199	3155405	10	已收藏
200	1877942	10	TMD我喜欢的电影都是大众觉得一般的。。。
201	1877942	8	故事很好，但是这种故事构架很眼熟啊。最后的金蝉脱壳比较有意思，可片尾出来说明的那个老头，显得有点画蛇添足了。
202	1877942	8	ccav6的名字起得，还能在土点儿吗？整部戏没什么看点，除了男主
203	1877942	8	神奇的电影情节，大家都知道是怎么一回事，还是按照最YY的情节以主人公意愿发生变化，最终坏人都死了，主角谐美而去，还有照顾好孩子的人文思想。。。
204	1877942	10	还是看保罗沃克的啦，剧情一般，保罗沃克依旧英气逼人，哈哈。发现了他穿别的衣服裤子都别扭，就牛仔T最适合他，要了命了。型男啊！！里面的女主角也不傻虽然不怎么好看，哈哈。
205	3249563	8	真不想总偏心老版，但个人觉得Stahl版在情节展开和人物塑造上比Sirk版自然得多，Merrick的转变处理尤其优于Sirk版。
206	3249563	9	我擦，1935年，演得这么深情，感觉这个版本更好看。
207	3249563	8	对于如此不可思议的剧情塞克更情感化更戏剧化的处理确实要更加的适合一些。。。但是这一版也有其优点，故事紧凑表演自然情绪宣泄贴近生活，罗伯特.泰勒也比赫德森更加适合这个角色，不仅是外貌而是那种由内而外透出来的气质。。。
208	3249563	7	一场美丽的“孽缘” “You help people and don't tell, then you get the power you need to do the things you want to do.”
209	3249563	10	真浪漫，Robert Taylor好年轻！1954版的印象很模糊了，过段时间再重看。
210	1294070	7	A movie about dreams,about old time.（Remind me of Midnight in paris.）So it is a movie about future and past. Though we almost know nothing about American's 1960s and baseball game, the movie moved us ...
211	1294070	9	每个人心里一梦田~~~结尾太治愈了~迈出那一步泪腺就崩了，宁愿相信那是真的~（据说本呆萌还在里面串了把素人，呃……）
212	1294070	8	凯文科斯特纳拍过不少关于棒球的电影，最想看的《棒球之爱》一直无缘得见，这么经典的片子居然一直都没得下载。今天看的这部《梦幻之地》很难说好看，虽然评分不低。一个农夫听到了神秘的声音，依照声音的指示在玉米地里建了座棒球场，引来了去世棒球明星们的鬼魂来打球…神叨叨的，用快进看完的。
213	1294070	6	找回曾经失落的东西。梦田，喜欢这个名字。
214	1294070	8	这是《百万金臂》之后，凯文·科斯特纳主演第二部关于棒球的电影。不太喜欢用一种怪物乱神的方式阐述一种怀旧的美国梦，因为梦想的实现不是靠命中注定，而是靠自己摸索发现的。
215	6999835	9	人物刻画丰满，但主角的心理矛盾太弱，政治观点幼稚，且细节部分稍显稚嫩
216	6999835	6	性解放里被搞壞的比現在受其恩惠的多了去了，別說女2這種無知無聊、迫不及待就放棄了自己真正能跟男人平等對話的機會的whore胚子＝＝
217	6999835	10	love the tone and all that sentiments: now it seems that may not be tomorrow, but spite the horror and the sorrow, I love our world, i want us all to live.
218	6999835	6	两个小姑娘确实漂亮。
219	6999835	7	冷战背景下的艰辛成长。女朋友听爵士的taste太赞。
220	1448595	8	雷的黑色电影都不只是“罪恶都市”那种的犯罪故事，更是两个孤独的灵魂相遇并互相拯救，一种绝望的浪漫，非常酷且迷人。总的来说都可以用"in a lonely place"来形容。这部电影里大雪纷飞的荒凉风景也成为了角色之一。艾达卢皮诺太美了，真·仙女（而且她还参与导了...
221	1448595	8	在巴特尔吧 七级会员被称为“危险边缘”
222	1448595	10	Robert Ryan怎么整都不像好人。
223	1448595	6	ray就是个美国电影中的武侠片导演，故事技巧都是。
224	1448595	10	3.5 角色写得有心。Ida Lupino的盲女是个好角色，她的温柔和影片气质格格不入，却带来了最终的改变。Ryan的警察一角仓皇度日中不再顾及自身失落，冷得像落下的每片雪。直到与盲女伸出手够着彼此，相互的援助和感化，尘埃落定
225	1304626	9	真的不是古畑任三郎之出狱再就业吗……做烟花竟然看哭了……
226	1304626	8	几无废料，完美群像，完美节奏，完美调度，制造意外，解决问题，再制造意外，再解决……一直绷到结尾；三谷幸喜从一上来，就证明了自己的喜剧天赋，调度天赋，剧本天赋，长镜头的什么的，对他来说，就是小儿科。
227	1304626	10	哈哈哈，“在夏威夷上空的外太空！”三谷幸喜您从来就没有让我失望过~
228	1304626	6	精彩至极的一部片，故事就发生在一个小小的录播室里，就是一出广播话剧的演出，竟然能不断的出现问题，每个问题还都充满了喜感，最后一步步把故事逼上绝路，也把电影引导向高潮。整个故事几乎没有平淡的地方，每个人物个性通过有限的表现都很丰满。真是一部很欢乐的作品
229	1304626	9	作为三谷幸喜90年代的作品，数星星毫无压力，格局构思演绎也都不是问题，却还是觉得笑点和逻辑欠奉，和后来的魔幻时刻相比有点过于做作。角色上比较喜欢音效大爷、旁白和老实丈夫，其他包括唐泽叔京香阿姨户田惠子阿姨真的都不招人爱了。
230	26279918	6	我参与翻译的电影
231	26279918	6	配乐好
232	26279918	7	俩兄弟优柔寡断给坏人机会杀死自己，女汉子只身一人干掉三个。。这个世界真的变了吗。。。阿门
233	26279918	6	看完就是觉得惊悚，疑问一大堆。为什么弟弟不想要孩子，为什么弟弟对哥哥这么不信任还要带妻子出来和他露营，他们去这个禁区的目的到底是度假还是打猎，还是童年回忆？那三个孩子为什么要做这种事？被猛男一击还不死而且在1分钟内恢复的，我也只能说妖怪附身了…
234	26279918	8	太垃圾了，别浪费时间了各位。
235	1298873	9	80年代香港電影令人懷念的，只要看這套電影，就明白了: 明星、導演、台前幕後團結的投入、對電影的一股熱情，就是今日不復見，所以港產片不再發光。
236	1298873	10	林青霞好帅！
237	1298873	6	一个时代有一个时代的审美，我的审美停留在上一个时代。没事翻出来，洗洗眼睛。
238	1298873	10	前半部分平平，被青霞的男装给电到了，最后的一大段高潮很是精彩！反派雷组长的死还蛮巧妙的。钟楚红在里面不好看，但是很多小细节演得很好，叶倩文演得也不错，这部的林青霞太有魅力了，尤其是她军阀爸爸死的时候悲愤的动作戏，很是经典！那时候的美女才叫美，有脸有演技有性格，看看现在的女明星……
239	1298873	8	“不要这么难过，民主成功之后，我们北平再见吧！”
240	2135922	7	用意大利式平民生活喜剧般的氛围节奏来透析了一场阶级斗争具体到每个人身上是何种面貌。对工人内部的不团结没做脸谱化的批判，而是呈现了他们的各种弱势处境如何让斗争变得如此艰难，赋予的同情多过嘲讽，也说明了为何需要一个外来的，能摸透资方的策略而自身付出代价较小的中间阶层来为他们出谋划策。然而导演也不无带一种看似自嘲实则悲怆的态度呈现了知识分子要跨阶层争取权益的艰难困境，同样面临牺牲却不被理解。导演对各色人...
241	2135922	6	还是莫尼切利一贯的以喜剧之眼凝视现实中的悲剧，轰轰烈烈的罢工之后还是一切如初(莫尼切利的大部分喜剧结尾都以是失败告终)。与其说是喜剧不如说是悲剧，依靠工人群像的嬉笑怒骂来进行社会批判，颂扬人民力量之伟大，具有整体性的反讽与反思精神。马切罗的锋芒完全被一帮非职业演员给取代了。
242	2135922	6	第37届奥斯卡金像奖最佳原创剧本提名
243	2135922	10	4.5；纠结的片子，各个阶级的纠结。把I soliti ignoti结尾那种模糊的情感放大，搞笑的部分减少，主题再严肃沉重一些就是这个样子了。导演实在是太冷静。BTW，这片应该算群戏，尽管有明星挂牌主演。
244	2135922	8	非典型的Mario·Monicelli 电影，但在严肃的剧情展开之中，导演也不忘记插入娱乐喜剧的桥段，影片的群像刻画非常成功，特别是对工人们的不同性格不同生活的描写，带有很强的新现实主义风格，但对主角教授的刻画却感觉有些不够。
245	1293040	9	“她帮助我生活。”
246	1293040	10	11/5/2006 9:40pm bc
247	1293040	9	结尾处的字幕好唏嘘。甜美可口时期的IH阿姨，她果然咩角色都演过！各自的所嫁都非所爱，幸福不幸福是很难以物质定义的。肢体戏甚少，彼此依托的精神密友，所以算同志类还是女权类？
248	1293040	9	果然是法国经典里必看的一部～特别是女性！庆幸导演没有主观的来看待儿时经历～至少没有主观的拍出来～！被于阿姨和miou真心美到！
249	1293040	6	天啊，豆瓣重复重复了，看过的，又名禁色迷情……头尾与中间故事脱着节，还不够女权到位！
250	1295727	7	白兰度演讲震撼 他用自己的表演风格塑造了一个Antony 刚开始看的时候略有违和但是习惯之后竟然可以代入 只想祭奠的情感终究能战胜理智 You all did love him once, not without cause. What cause withholds you then to mourn for him? 震撼点在莎翁的原作 幻影出现/梦境先兆总是最莎翁的点
251	1295727	8	對不起，我真不懂得歷史片，台詞就像歷史課本，羅馬人的野心與爭奪，只能說長知識了。Marlon的戲份很後面才出現，我都要睡了，好險他這部戲沒有怪異的妝容打扮，謝天謝地。
252	1295727	10	其实白兰度饰演安东尼戏份不多 但有限的戏份里爆发力很强 个人秀不少 各种洗脑演讲然后唠叨个提名吧。第一位出现的美女一开始以为是嘉逊后来感觉年龄有点小就30几岁，一查imdb才发现是kerr女神
253	1295727	8	名为凯撒，实际上是以凯撒遇刺为节点的政治斗争，文官与武官各领衔上下半场，喜欢那种话剧味道电影的可以看看这片。
254	1295727	10	改编自莎士比亚《裘力斯·凯撒》，黑白片里的罗马城有种雕塑般的美感。标题和演员容易让人误会主角是谁，Cassius演得好。主题无非关于权力，关于愚民，莎剧台词太有文化了，特别致困……
255	1293290	8	为自由，电影很好。特殊日子看的，纪念中国的自由魂
256	1293290	8	内容还是蛮丰富的，但还是觉得冗长了
257	1293290	8	本片获第60届奥斯卡最佳男配角、配乐和原创歌曲提名。与其说是争取自由，不如说是争取平等。黑奴制度，农奴制度，种族隔离制度可是说是人类近现代文明史上最黑暗的制度。这种反人类反文明反正义的制度，只要一个人还有一丁点的良知，就会与其抗争。
258	1293290	8	哪里有压迫哪里就有反抗。
259	1293290	6	有压迫,有持续的反压迫. 生活在绝望里,生活在希望中. 勇气与不懈的努力见证力量博弈下, 最终迎来的胜利. 影片不好不差, 如果想了解曾经南非的种族隔离历史可以一看. 黑暗有时, 乌云会散.
260	1757728	6	这个也有条目啊？喜欢开场甚于整部片
261	1757728	10	其实这个短片，是巨蟒剧团神作《人生七部曲》的开头一个段落，太有想象力和讽刺性了，居然有单独条目。
262	1757728	7	这也有单独的条目啊。真正地驰骋商海，特别有趣。
263	1757728	6	人生七部曲开场短片，极端的想象力和恶搞
264	1757728	9	威武雄壮！
265	19976777	10	4.0。1.闭幕之后，终有新生；柏林银熊最佳剧本，帕纳西禁影日常作。2.只有害怕的人才会说谎。3.女孩扯下遮帘那一刻，帕纳西终于出场，乍现[白气球][圆圈]海报。4.关不住的狗，看不完的海，昏沉沉的忧郁，戒不掉的电影。
266	19976777	7	一所房子里的世界，镜头被禁锢在其中，有人闯入，有人无法逃出，潜在的危险是无形的，闯入者是无形的，无形的压力和迫害却是有形的，政治意义大于电影本身的艺术价值，不过帕纳西导演还是很有创作活力的，叙事双层嵌套，又见打破第四面墙，能在一个封闭的空间内制造强力的悬疑和戏剧张力。★★★
267	19976777	7	为什么最后留下女人？
268	19976777	6	帕纳西真是玩转真实于虚构的大神。
269	19976777	10	Well...too self-indulgent and alienated...though beautifully presented.
270	1766042	10	我像个孩子被遗忘了一千年已经忘记了表情。
271	1766042	10	每回類似命題集錦片，但凡中國導演總讓人不自覺冷汗三條，無一例外。蔣雯麗就這么厲婦下去了麼。
272	1766042	7	喜欢最后一个中国的孩子（吴宇森导） 心酸坏了……中间的几个都不错
273	1766042	9	一部关注孩子的公益电影，由威尼斯电影节发起，八位导演都是世界名导，吴宇森、 埃米尔·库斯图里卡、斯派克·李、雷德利•斯科特等。影片中的孩子们，生活在贫困、暴力、犯罪、疾病、孤独、战争之中——这部影片实际上是在呼吁：“救救孩子！”个人比较喜欢《坦扎》、《蓝色吉普赛》、《Ciro》三部
274	1766042	7	本片由由威尼斯电影节发起，并由联合国儿童基金会选定八位导演各自拍摄七部以儿童为主题的短片，旨在唤醒世人对儿童的关注和爱护。请来的导演包括吴宇森、埃米尔·库斯图里卡、斯派克·李、斯科特父女。吴宇森那段前面凑合后面雷人，斯科特父女那段感觉还是以女儿为主，毕竟剧本也是她写的。
275	1292214	10	虽然猜到结果，但办公室现学现编也太牛了~~
276	1292214	9	小说家未必能干好诈骗犯，但诈骗犯肯定是个好小说家！
277	1292214	8	结尾牛逼，只是悬念铺垫太晦涩、对白也絮絮叨叨，不好懂。Kevin Spacey都那么牛逼哄哄了，从一出场就能猜到结局。
278	1292214	10	片名、主演再加上《惊声尖笑》的恶搞结局，以至于故事的结局很容易就能猜到。但是这并不代表这部电影不好看不好玩，只能说看不逢时。你永远也不要忽视掉那些看起来一无是处的人，他们一般都显得很弱小，很不显眼，但最终的那个人很可能就是他。★★★★
279	1292214	6	老派的虚实戏中戏手法。前半个小时云山雾罩，后面就慢慢开始有意思了。凯文·斯帕西这满嘴火车真是跑得太厉害了！！！
280	6533054	6	其实比前两部带游戏的好看，因为游戏真的太假太幼稚了。朱利安摩尔和大表姐单独在餐厅对戏那场真是感慨交集：老娘演了一辈子的好戏，奥斯卡却被你这个小婊砸拿了，还在我面前演，演你个头啊
281	6533054	9	是有点拖啊而且觉得大表姐飙戏有点浮夸。香港人还要纷纷觉得“这剧情跟香港的现实多么相似”也是醉了，能不能不把自己想那么悲壮。中间大表姐唱那首The Hanging Tree好好听！回家立刻跟歌神上网扒谱来学！
282	6533054	8	最后一部本身剧情较弱 再加上分上下部这种形式我一直很鄙视 只能三星了
283	6533054	9	就连原著粉都表示。。。全片的铺排尿点过足，更不用说可怜的菲利普成了人肉背景，十三区和国会的对比也不够，不过即使如此本片还是比分歧者好看，足以想象分歧者有多烂。。。
284	6533054	9	就和哈7上一样，要交代的，阴谋的，一堆堆，包括政治不过是互相交替，尔等只是棋子，压抑的氛围里和盖儿出来呼吸下新鲜空气才有点活着的感觉。不知道是不是就我觉得第一段13区联盟的时候大表姐出戏了？
285	2301179	10	some time love is really a bitch
286	2301179	7	主人很可爱。
287	2301179	8	看完之后更想看书~~ 中间黑白插画太欢乐了，笑屎了~~
288	2301179	7	这画风太飞了。。。老人为狗狗写的情欲戏！哈哈
289	2301179	8	没字幕 随便看完了。。不太明白啥意思 后半段就是让小狗交配。。
290	3231742	6	欢脱跳跃的爆米花大片。boss：＂我今天变成这样。。。只因你曾答应我要和我在天台上看雪看月亮。。。却终究没来。。。。T，T＂
291	3231742	10	加入的中国元素简直就是老鼠屎，恶心生硬兼矫情。现在只要中国有份投拍的电影，都开始进入“全宇宙寻找存在感”的棒子模式了。你这是自卑呢还是自卑呢还是自卑呢...
292	3231742	6	Absolutely amazing！五颗星全部给眨巴着狗狗眼卖萌的骚萝卜！我的心中了无数箭！技术宅拯救世界！经验告诉我们任何Marvel出品的电影都必！须！看！到！字！幕！放！完！彩蛋超可爱！MK系列太碉堡！节奏紧凑，情节精彩，打斗场面酷毙了，绝对完爆前两部！Tony Stark will be back！！！
293	3231742	8	没看到范冰冰……不过，为什么看着看着穿越到变形金刚了。
294	3231742	9	天朝特供的部分很出戏，而且唯独这部分有扎眼的广告植入；3D效果也很差劲，完全没必要；模式化制造的剧本，不少情节大有很多画蛇添足的拼凑之嫌。超级英雄不再是所向披靡，如今个个都跟着诺兰的步伐走向了心理阴影，连臭屁的钢铁侠也不例外，这也不算新鲜的反向逻辑了，但动作戏还是很爽很酷。★★★
295	21361965	9	故事漏洞很多
296	21361965	6	女记者前夫为了黑吃黑侵吞基金假死
297	21361965	8	女记者前夫假死黑吃黑吞钱
298	21361965	7	瞎了
299	21361965	6	女记者前夫假死黑吃黑吞钱，迈阿密海滩风景不错。
300	1309055	10	搞P啊！DT的戲份也太少了！
301	1309055	7	结构有点松散，但特效絕對精彩。
302	1309055	8	其实与原著相差挺大，但是记忆里第一次窝在被窝里看到赫敏走下台阶的那刻惊艳永远不忘。凭着这个都愿意给5星
303	1309055	6	看这部的时候还没有看过原著，觉得挺精彩的
304	1309055	6	罗伯特帕丁森因此火了，哈利已经被拉下了神坛，最终长成了一幅没有存在感的眼镜儿。新八君还是回去银魂的世界吧，乖！但总体来说还是比后面的大卫叶茨的后面几部好很多。那些马车和船还有那些动物的造型都深得我心。
305	4072718	9	伤风败俗。在这么多优秀的乐队中脱颖而出到最终留名史册 靠的确实是才华和头脑。James B王者风范。
306	4072718	7	癫狂的美丽，现场音乐的极致。
307	4072718	9	詹姆斯布朗的自传电影有一段跟这个如出一辙，不服滚石，但是滚石依然是压轴
308	4072718	6	太猛了……
309	4072718	8	时代在尖叫，巨星云集的摇滚的童年
310	26176503	7	根源危机，比较落后的剧本
311	26176503	6	这年头这么没有战斗力的最低级的丧尸已经吸引不了任何观看欲望了，，，看看人家釜山行的飞机速度和日本片请叫我英雄的奇行种吧
312	26176503	7	游戏就不怎么好玩，电影果然也毫无看点
313	26176503	7	完全不能忍呀
314	26176503	10	场景啊道具细节其实还不错
315	1477193	9	不喜欢田纳西。非常不喜欢。
316	1477193	7	http://kuai.xunlei.com/d/aEzEDgKFEwCIiTVRdea
317	1477193	9	每一帧都写满了大师气象 本来可以完美 只是高潮力度不够。男性角力 女的在中间煽风点火这事颇有波兰斯基的意味 高潮其中一男发疯也质同Cul-de-sac
318	1477193	9	重新认识卡罗尔·贝克这个“宝贝儿”演的真棒。真是灼热的夏日纯真性感那么点无知害怕在这肮脏之地企盼明天。最为喜欢后一多小时。
319	1477193	7	打破审查制度的元勋之一，但除此之外对故事和人物的探索并不大。在冗长的第二幕大肆运用对话推进人物感情的手法不甚高明，以至于让结局的一句点题变得莫名其妙。个人评分7.0
320	1471968	6	HK FILM ARCHIVE CINEMA 110311 Goethe-Institut HongKong German Film Forum。
321	1471968	6	看到最后莫名感动，将东柏林上的太阳大道拍出末世氛围，青少年开始走向嬉皮，永恒的摇滚，自由，毒品与存在主义下包裹的青春，几乎成为了各个国家青年电影的时代符号 非常不喜欢这种剪辑 但运镜非常好 和剪辑搭配的思路很清晰，结尾非常酷
322	1471968	6	纪念一下我第一部花钱在iTunes上买的电影。因为之前看了Hans Otto的大二学生改编的话剧所以对此片充满期待，看过之后小小失望，还是话剧有魅力。
323	1471968	7	09在柏林的时候看的，没有字幕，剧情也记得不是很清楚了，但很记得，我们天真地问老师，柏林墙倒的时候，你在哪里，他冷静地告诉我们，他在监狱，他像剧中的主角一样，在人人皆可是秘密警察线人的东德被朋友举报。另外在文学课上，导师也读了小说中的一段，于是电影里的画面好像很清晰地跃然而出
324	1471968	9	这时看过的第一个德语的关于青春的电影，跟看的台湾片，大陆片，英国片，美国片里对青春的描述是截然不同的。应该是因为它的背景在东德，而且最重要的是：整部片子非常的搞笑！！！
325	6048838	8	@香港国际电影节）一开场的神剪辑、神镜头、神分屏、神普罗科菲耶夫还以为要看到神作了，没想到从插入后面开始一路WTF……一度以为自己走错了地方。
326	6048838	7	目炫神迷，视觉盛宴。情欲戏血脉喷张。一段在现在看来算不上出格的故事，在大师极酷炫极娴熟的技艺包裹之下显示出不平凡的视听效果。P.S.终于见到了格林纳威，非常健谈非常话痨。
327	6048838	7	三星半，恣肆无忌之作；多重曝光HDR鱼眼效果镜头光晕分割画面，像是同时看了三部电影一样，性价比是蛮高，就是老眼昏花；语文老师给补课过：虚实结合，虚则实之，实则虚之；这不是传记吧这是同人吧，以后基本已无法正经看爱森斯坦的片了
328	6048838	7	影片实验性颇足，并极具视觉冲击力
329	6048838	7	姜文的话痨相形见绌
330	1296455	9	十多年前的馊鸡汤。廉价假大空的美式励志，若没有凯文·史派西的“恬不知耻”报社记者，这片还能更无聊……
331	1296455	6	好作品不会因为时间而退色，每个角色都好鲜明。
332	1296455	6	其实只值3星的小清新励志片，加1星给狗狗。
333	1296455	7	和《雪地狂奔》剧情挺像，还有一部相似剧情的名字想不起来了，很套路，很主旋律，主角最后有会有个完美的结局，但对狗题材的就是没有免疫力。
334	1296455	9	户外题材+汪星人题材，嗯，还有励志。这部看来是小众了。还不错，Will+10086，哈哈
335	1306785	7	许多人个人都有过童年，但很多人渐渐遗忘了，渐渐不懂得什么是童真，也不相信曾经的童话。其实童话并不是虚有的，它是一种艺术，大家都知道它源于生活，高于生活。然而却常常忘记为什么艺术会成为人类进程中不可缺少的一部分？因为它的本质。艺术，是让我们以美好的样式记住曾经悟得的冷酷真理。
336	1306785	7	个人感觉一般，大概是我实在忍受不了美国好莱坞媲美印度宝莱坞几乎无处不在的歌舞吧，倒杯巧克力你也极尽癫狂舞蹈之能事，跟打了鸡血似的，至于吗？
337	1306785	8	音乐有点像剪刀手爱德华里的。If you just believe，为什么每次关于梦想关于相信的电影都让人想哭。
338	1306785	9	高一圣诞节班里放的。结尾大赞，慢慢地我们都老了，簌簌泪下。
339	1306785	10	when christmas comes to town，这么多年换了几台电脑几个随身听，这首歌一直留着。情节有点平淡，但画面确实很柔美
340	1941336	9	天地不仁，百姓刍狗。颠倒妄想，攀援病本。经曰：是身无常、无强、无力、无坚，速朽之法，不可信也。为苦为恼，众病所集。又，是身不净，秽恶充满；是身为虚伪，虽假以澡浴衣食，必归磨灭；是身为灾，百一病恼；是身如邱井，为老所逼；是身无定，为要当死；是身如毒蛇如怨贼如空聚，阴界诸入所共合成
341	1941336	8	想到之前看过的《急诊室》，对我来说比这部在时间和地域上的代入感更强。@波士顿MFA怀斯曼全集展
342	1941336	9	一栋楼里是大千世界，以致散乱如此，倒也根本不需要什么联系。从白色巨塔走来正在补Code Blue对医疗题材兴趣渐增的当下，会希望这一部还可以更长一些。
343	1941336	10	镜头是一种逼视。I don’t wanna die I don’t wanna die，那一吐太真实了。Von tier早期作品的拍法和这个如出一辙
344	1941336	9	The system,always fail people, the poor ones, of course.
345	26280030	9	因为在弗雷斯诺呆过所以看的特别认真，可惜关于弗雷斯诺的场景太少！
346	26280030	8	有多恨，就有多爱。多久没给一片子打五星了，彻底笑喷了，对于你和那个从同一个通道里出来的家伙，所有的爱恨情仇，在这里你能找到共鸣，笑点密集不恐惧，朱迪，为了你这张老脸，我也要撸一发....
347	26280030	10	怎么看着看着就变心灵鸡汤了。
348	26280030	9	这是一部带着女权味的无节操喜剧。
349	26280030	10	女主腿还挺肉的 保洁爱健身
350	1416762	8	嘘！间谍的身份一旦公开将不再有价值。
351	1416762	10	以上世纪西班牙內战为背景的政治惊悚片，前沙皇将军菲欧多带着妻子移居巴黎后，过着神秘的生活，在公产主义者受到压制的法国，菲欧多却公开声称自己的真实身份是间谍，而且是个三重间谍，同时服务于俄国的白军和红军，甚至德国的纳粹军。
352	1416762	10	不到十個演員以閒適的語速說著永遠講不完的台詞，而配樂又是那樣少，少得幾乎只有黑白片段才有，予人觀賞舞台劇之感……全文：http://hou26.org/zeta/golden2004.htm#ta
353	1416762	10	对于一部间谍片来说，侯麦式的大段对话无疑限制了叙事视点，也给观众留出了想象空间——只可惜真相大白时只留下侯麦式的冲淡，结尾也就不给力了
354	1416762	9	50女演员很可爱，美术很精致，但这样一个题材确实不是侯麦所能驾驭的，典型的侯麦式絮叨夹杂着复杂的政治背景，原本应该极具戏剧性的故事被表现的不知所云。刻意沉静的情调，似乎与这个大背景的故事格格不入。最后的结尾非常残酷，几行字幕就交代了主人公的生死遭遇，让人不寒而栗。女演员非常出色
355	1316685	10	仿佛是在欣赏一幅流动的俄罗斯古典画派精美油画。
356	1316685	9	本片改编自当今俄罗斯最畅销的通俗作家鲍里斯·阿库宁的同名小说，是一部混合了史诗、侦探、浪漫等元素的大片，背景是在1877—88年的土俄战争时期。是一部有着推理情节的谍战片.
357	1316685	9	我喜欢。自己手里的是原版的，2小时零几分钟。电视台放的是国际推行版吧，竟然拖拖拉拉演了三个多小时。但并没有任何比原版（俄罗斯电影院版）多出的情节和桥段，只是多了好几个片头片尾。昨天在cctv 6 看过了。
358	1316685	6	除了男女主角其他人都寒碜，英国记者多余角色
359	1316685	10	场景切换形式独特，男主角身上看到萨芬的影子。。。我圈圈叉叉了。。。
360	1293299	9	1974奥斯卡最佳外语片。1.特吕弗献给电影的一首深情长诗。2.幽默温和,平淡隽永,展现电影摄制中的困难与内幕。3.高达因此片与楚浮决裂,然本片用了高达的跳切和间离手法。4.拍电影就像在西部赶驿马车,开始时你希望能有一趟心旷神怡的旅程,但很快你只希望能平安抵达目的地。5.偷凯恩,中空蜡烛。（9.0/10）
361	1293299	7	好棒！继《橄榄树下的情人》后看过最喜欢的关于拍电影的电影，从低调开拍、换角风云到最终杀青，以及期间的种种意外，爱电影的特吕弗拍给爱电影的观众，几段梦境都很有意思。而片中的一些讽刺也十分有趣：电影不如房地产赚钱，数字小姐，以及法国人混乱的感情生活...拍猫那一场是即兴发挥吗，好玩！
362	1293299	9	2013.04.27 视听语言。一个电影剧组在拍一场戏：在一个喧闹的街道上，儿子打了父亲一巴掌，因为父亲抢了儿子的女朋友。（好吧！最后这个我没看出来。）
363	1293299	7	那个门太坑爹明显设计失误别怪人家开错，猫咪够累的，借我点钱去嫖妓吧，我他妈也瞧不起你们这样搞电影的都乱搞 哈哈，Nathalie Baye很文青女
364	1293299	7	这部电影的原名是一个专业术语，指美国人经常在大白天利用滤光镜拍夜景，天空透过滤镜呈深蓝色……这种在白天而不在晚上拍夜景的方法就叫作：美国之夜。对我来说稍嫌枯燥的一部电影，可能我对拍电影根本不敢兴趣，如果知道电影是怎么排成的，我就不想看了。里面男猪脚“艾放肆”真是演出了幼稚傻逼的感
365	1302164	6	我爱李灿森挖。
366	1302164	8	还是那句话，当年的Edison风靡万千少女不是没有原因的。
367	1302164	8	开始还挺搞笑，后来有点无聊的
368	1302164	7	2003年星空卫视，当年看这个觉得机器人好厉害来着，如今再看，笑了，粗糙的不行。3星都是友情回忆分
369	1302164	6	第二部以前还真没看过.....电视点播佐餐与妈妈同看......真是够瞎搞的....以为机器人跨国说英语就高端了？诸多桥段直接冷场.....冠希老师直接被推为绝对主角......算是没有功劳也有苦劳......另外，李灿森演的太夸张了，其实他倒是一张很电影化的脸。
370	10748107	8	魔幻現實主義，好看。http://v.youku.com/v_show/id_XODc0ODkwMjgw.html
371	10748107	8	4.13分鐘的表達感覺屌屌的，意猶未盡就是短片的魅力。流鼻血的超能力少女，還有荒無人煙的廢車場，以及一個毫無超能力又得控制住超能力爆棚的老爸，這情節和配樂就很嗲了，我心中的小魔女，趕緊飛出去拯救這個世界吧！
372	10748107	6	特异功能女孩严惩小混混
373	10748107	9	魔幻现实主义吧，但是特效画面不行，容易出戏
374	10748107	10	镜头感，跳接，剪辑
375	1292225	6	看片时不专心是不好滴！调没音量是不好滴！一边看一边放无敌治愈的歌是不好滴！把画面缩成巴掌大是不好滴！这直接导致我淡然而欢乐的看完了传说中的闪灵……
376	1292225	9	有吃有喝有玩五个月还能孤独到要杀人。。大概是因为不能上网吧。。
377	1292225	7	DC版。讨论它有多恐怖并不重要，现今最低级的蹦鬼头技法，也能吓倒一片人，但库布里克显然不屑于此道。站在通道口看完了片头字幕和现场观众状态才入座，六百人被吸摄进电影空间的感觉真美妙。一家三口，演员个个出彩，老流氓尼克尔森尤其疯魔。小朋友踩车、237房浴室、雪迷宫等段落都拍得很绝啊
378	1292225	8	失意的作家，性冷淡的妻子，精分的孩子，这遍再看已不是恐怖片，而是家庭伦理悲剧，《闪灵》的恐怖来自独处封闭环境下心理暗示的恶化，心结的放大，恐惧感的释放，直至最终彻底的崩溃爆发。再次膜拜神级配乐和精准选角！
379	1292225	9	Women, you can't live with them, you can't live without them.
380	1295930	7	xzd
381	1295930	8	很想看原书……
382	1295930	9	Emily喜欢的我当然也喜欢
383	1295930	7	带点无奈讥讽的幽默和搞笑。。萝莉时期的Kirsten Dunst
384	1295930	8	出来维瓦尔蒂四季里的下棋那段，莫名感动
385	1297906	8	影像风格到挺不错，可惜编剧实在太烂！
386	1297906	7	cult极品，剧本其实很差劲，前半段拖了足足50分钟，然后mark 13不知何原因就突然启动开始杀人，一直杀到结尾，摄影和剪辑极为出色，近未来的垃圾废土质感到位，导演风格鲜明，在常规的B级怪兽片的套路中加入很多不知所云的嗑药桥段
387	1297906	7	90年的片子是粗糙了点，尤其那砣铁疙瘩实在不入眼。但气氛上还可以
388	1297906	7	风格和镜头可以打五星了
389	1297906	8	设定和视觉风格上有一些亮点，但剧本完全一泡污，非常非常糟糕，严重影响观感，总体而言看完的最大收获是Public Image Ltd的一曲配乐，非常带劲的post-punk。
390	1298491	10	吕大师其实一直很腐，这片比恋马狂还虐心，军事监狱坏透了
391	1298491	6	依然是充斥着大量对话的典型Lumet式电影，在军营监狱这样的极端环境中，残暴指挥官从肉体和精神上的双重施压最终逼人奋起反抗，是导演对人性和官僚主义的一次拷问。影片收尾收的太棒了，摄影也很加分，我个人一直认为Lumet的片子看后会有一段很长的回味期，后劲儿很大，本片也是如此。
392	1298491	7	天旋地转的操练镜头，狰狞与纠结的人物近身特写，无不让人深切体会到军营的暗无天日和抗争的艰辛。这是我看过西德尼·吕美特最精彩的一部佳作。
393	1298491	10	残酷而疯狂，能看到《第二十二条军规》《监狱风云》和《全金属外壳》的影子。单论人物表演和群戏设置的话着实不在《十二怒汉》之下，中后段的一场监狱群众戏中的Harry Andrews堪称全场最佳。但不知道是不是受到了对单调枯燥环境渲染的影响，其他部分看得昏昏欲睡。
394	1298491	9	8.5/10 牛逼！妈逼这种正义战胜邪恶的故事在中国只能当童话看了。
395	1296225	10	RDJ首挑大梁的电影，属于那种“冰淇淋电影”的爱情小品，你可以学习街头把妹的开场白。不过除男女主角和布鲁克林街景外，故事本身傻里傻气、废话连篇。从一个漫画青年的开篇到真诚坦白的结局，略显无聊做作。托贝克保留了《赌棍》中的优缺点（赌博场景的再现/情节上的温吞）。
396	1296225	8	女主低配阿佳妮（那也是阿佳妮，仍然美炸
397	1296225	6	Molly总共就两套衣服...萝卜年轻时长得...剧情蛮无聊的，问题解决得太神奇了。
398	1296225	6	稚嫩的小罗伯特唐尼和酷似苏菲玛素的女孩
399	1296225	9	你们没有注意到爱情在他们见面第一刻就发生了吗？女主说她对人是否有感觉就看第一眼，然后立刻和男主发生了关系。她的高冷和无所谓只是因为害怕失去和被辜负。而她明明也可以出卖自己一夜去偿还债务却就是不肯，最后做出所有努力却还是靠男主才成功。而男主费劲心思都没有一个正儿八经的女友，偏偏轻易得到的就让人废寝忘食。这就是缘分吧，让人身不由己。
400	5327188	8	纯正的美式清新。剧情波澜不惊，但表演自然妥帖。生活，尤其是年轻的生活，所有细微的波动都可能是大风大浪。年轻而美。同类推荐如《壁花少年》。
401	5327188	9	我心目中的励志片。推荐。好电影未必是华丽镜头，平淡的讲完一个容易带入的故事也是好电影。
402	5327188	10	很难拍的片子，高中生的青春、恋爱和各自破碎的家庭，他们如何相互激励着对方战胜拯救，活出自我，一不小心就容易拍成俗套，因为这类的青春片已经被拍烂了，除非导演能折腾出点特别的东西，比如说音乐或美学品味。拯救这片子的是迈克斯.泰勒和谢琳.伍德蕾的表演，两人时刻火花四溅！★★★
403	5327188	7	主要想看这个，因为看是同一个导演就把酒醒时分连着一起看了，更喜欢这部。还是有酗酒作乐的元素，但是故事放在了青少年的世界，穿插在两个破碎的家庭，成长之痛等等捆绑在一起看着个人还是比较喜欢。但是亮点不多，也没特别之处。★★★☆
404	5327188	10	简简单单活在当下 着眼未来
405	1459373	6	驴是无辜的。。。
406	1459373	9	就值兩顆，我實在想給一顆。
407	1459373	6	羅西里尼說教就直接告訴你是在說教，沒什麼幌子，因而即便再生硬，也真誠可親。
408	1459373	7	死亡照相机，罗西里尼的荒诞。A demon bestows on a self-righteous working photographer's camera the power to smite from the Earth "evil-doers"。Naturally，the indignant photographer turns his new weapon on，one by one，h...
409	1459373	7	玩荒誕卻不夠徹底。
410	1448827	6	看到原作梦野久作时不由一惊，没想到还真把他的那股神经质的难辨现实与虚幻的妖气给拍出来了，出乎意料地合口味~浅叔嫩的时候简直太犯规了，换谁都得陷进去呀。他刚出来的前十分钟除了看他的颜几乎啥都没管。。。orz~所谓忧郁安定的表面下危险而令人不安的气质~姑娘们干净漂亮，画面光影节奏甚是舒服~
411	1448827	6	4.0。1.一瞬之梦，永远之幻。2.石井岳龙着实拍出了梦野久作笔下的妖冶诡谲氛围。3.当年24岁的浅野忠信，青春正盛，谜样美好。
412	1448827	7	…人物刻劃簡直超成功 這樣的Asano桑誰都會被迷死的吧
413	1448827	10	迷人的梦。
414	1448827	7	梦野久作（小说）原作。友人を殺したかもしれないバスの運転手への抗しがたい思いに翻弄される女車掌の姿を描いた幻想的なドラマ。
415	1307372	6	以荒诞来解剖深意 结尾暗喻轮回及关于可能宇宙在钟表上的分裂 韦家辉风格十足 宿命和邪气的开局 各种命运瞬间的特写 手持镜头拟动表现第一人称（性交时）以及声响震撼（炉灶BP机那段）按摩中心镜头颠倒 极多的长镜与慢镜 提及湛江和台湾两个方向的不同结果 又隐隐涉及到九七回归的政治局势等
416	1307372	8	“这两年我卖花圈，看见不少人死，有的人死地风风光光，整条街都摆满了花圈，有的人死了，连问都没有人问一声，连个小花蓝都没有。” 两种结局加回环结构。
417	1307372	10	罗拉鼻祖
418	1307372	8	老实说，这是一个关口，过不了，你就好扑街了；过得了，你连样子都不同啊，是另外一个层次来的。其实问题不在于此，台湾大陆也不是问题。问题在于你的心，你的气色乱七八糟，连自己也不知自己在做什么。富贵失败在于你能否找回自己了，明白吗？要看你自己想做个怎样的人。
419	1307372	8	敢抢GC党，没有好下场；第二段高潮的对称调度太帅了！；黑道情义让人哭笑不得的一面，反讽真是门学问；虽然叙事限制了命运拐点的数量，结尾还是能给出无穷可能的暗示；化不开的97情结，命运岔路口的香港人。
420	24304229	8	ʕ•̫͡•ʕ*̫͡*ʕ•͓͡•ʔ-̫͡-ʕ•̫͡•ʔ*̫͡*ʔ-̫͡-ʔ，开始对麦叔另眼相看了，接的片子要么有深意要么有质感
421	24304229	6	开场马车里的戏就把电影带入高潮 男主肯定相当后悔为什么让儿子去捡枪
422	24304229	9	5.0 片子太糟糕了。首先，艺指就是灾难，服装和场景设计甚至都算不上合格的西部风格，完全是西部与北欧的混搭；其次，影片的摄影与剪辑几乎就是将犯罪惊悚片的风格硬套上去的，西部枪战场景大量运镜大量面部特写推进这种事情太狗血；第三，剧本中一个塑造丰满的角色都没有，且完全没表达出影片主题。
423	24304229	6	一年一部西部片嘛……复仇果然最搭西部片，最佳组合，就算再俗套。
424	24304229	9	A watchable western
425	25802713	7	慢慢慢妙妙妙电影竟然还能这么拍震了我了 这还是电影吗这他妈是诗+摄影+戏剧再加音乐啊 Pedro Costa好萌葡萄牙人真奇妙。
426	25802713	7	当代艺术家们，请放电影一条生路吧
427	25802713	10	啧啧啧斯特劳布高徒。
428	25802713	7	四周是黑沉沉的铁屋，唯有内心葆有一丝光亮；高度明暗对比的打光方式既富有挑战性又具有叙事功能；真正意义上的“鬼魂片”。
429	25802713	10	又一部行为艺术电影，电梯一幕简直了。打光有意思，就镜头中间亮，其他一片黑。看之前注意了解一下葡萄牙康乃馨革命和导演背景。
430	1303133	6	纯性别视点之下，以流动的性欲来抵御/解构战争伦理性问题，反动，太反动了，比色戒要反动一百倍
431	1303133	8	所有人性都在战争中泯灭殆尽，女性救赎男性的愿望几成荒谬。
432	1303133	10	4.5stars。通过一个前线护士的经历写尽战争的荒谬。
433	1303133	9	如果不是若尾文子，总有那么几瞬间感觉不象增村保造的片儿。
434	1303133	9	人性。断掉双手的男人让护士帮忙撸管，否则实在难受。“对一个男人来说性的无能比失去手脚更痛苦”。护士治好了经常注射麻醉药成瘾的军医的阳痿。战场上不杀女人。战败的护士告诉对方这里有传染病，不要过来。
435	1307955	8	啊~我喜欢林赛•洛翰~
436	1307955	8	【C+】编的还凑合的家庭喜剧，就是男主恋上母女二人这个真的让我看的太…………
437	1307955	10	这部翻拍片，我没有看过原版，不过林赛罗韩和那位老牌好莱坞女星的演出真的很赞，故事也是虽然老套，但这种美国式爱情教育片总能俘获你的笑点和感动点
438	1307955	9	十年前看的片 上周再次拿来看 现在开车都听的是ultimate you，真的是对一个时代的怀念，很好看，改成五星
439	1307955	9	很别致的轻喜剧，剧情设置的新意中暗藏深意。母女冲突在身份互换的情况下一一引爆，移情换位促使二人互相理解。贝宁和Lilo演都都挺好。
440	1419856	6	啊，这片真是太悲伤了，结尾是悲凄的美啊，看的好难受。景色美，色调美，音乐美，人美。
441	1419856	6	在弱之又弱的弱者面前，我们才更清楚地看到人类滔天的丑恶。
442	1419856	10	这部就是李银河老师看完后 感叹人为什么应当远离政治的那篇影片，李老师说"只要不是发生了与自己直接有关的状况，就可以这样做，也应当这样做，并且心安理得，内心并不矛盾" 李老师去年还出版了一本书《李银河:我的生命哲学》说她已经“摸索出自己的一套无神论的生命哲学”……
443	1419856	9	我一直想说：国内关于非洲的电影太少太少了，我们对非洲了解少之又少！来过非洲才会发现，文明世界似乎真的把这里当成垃圾池。千里之外的苦难痛不到你，但是苦难依然是苦难。整个非洲是我们的罪。
444	1419856	7	1.一个爱摆弄花草的“园丁”娶了一个自己无法驾驭的女人的结果只能是两种：不在窝囊中被驾驭就在爱的鞭策中雄起；2.不大气的片子格调拍出了理想主义在非洲这片焦韶的土地上存在的价值以及比非洲大陆漫长的历史还要隽永的深沉的爱。3.片子点到即止 只冷静地摆出问题 解决方法？那不是一部电影能解决的。
445	1304901	9	尼罗河惨案式的侦探悬疑片儿，即便是70年代拍摄的作品在今天看来逻辑上依然无懈可击。另外the last of sheilA名字起的太棒了！双关语简直是人类语言智慧的最佳表现形式！！！
446	1304901	7	《勾魂游戏》告诉你：在一部电影里，被观众奉若神明的演员，充其量不过是一群神经兮兮的家伙，关键还得制片人组盘；但再牛的制片人，也抵不过坑爹的编剧；不过，真正把一切都了然于胸的，还得是导演。
447	1304901	8	难以想象不是阿加莎的编剧竟然如此牛逼！难以想象不是阿加莎的编剧竟然如此牛逼！难以想象不是阿加莎的编剧竟然如此牛逼！难以想象不是阿加莎的编剧竟然如此牛逼！难以想象不是阿加莎的编剧竟然如此牛逼！难以想象不是阿加莎的编剧竟然如此牛逼！
448	1304901	8	安东尼·博金斯打造的剧本十分讽刺，除了用悬疑的方式讽刺了人类的偷窥、私欲、伪善之外，还因为人物的设定好好的讽刺了好莱坞一回，你可以从中看到70年代初好莱坞的百态，非常有趣。PS：1973年的伊恩·麦克肖恩好年轻，好帅。
449	1304901	7	悬疑气氛甚浓，剧情也充满张力，但经不起推敲的地方不少，有些故意堆砌的巧合也难令严谨的观众满意，例如作案者的动机太牵强，作案手法也不可能通过尸检关等等。★★★☆
450	1394825	7	非线性叙事，各条线索的衔接和细节设置都很棒。只是缺少一个灵魂。
451	1394825	10	11:14 PM的车祸。比奥斯卡Crash要好玩的多了。恶趣味，虽然剧情设计还是显得生硬，时间上的衔接有时让人打问号，最大的问题当然是此类结构已经被用烂掉了。雪莉同学一定是个理工科女生，不然哪会用另人的汽车电瓶为自己的车发动，以及理性地想到用保龄球偷龙转凤掉可笑的凶器，虽然未遂。
452	1394825	7	同样是多角度,这个的编剧就更强。多线环型要有“互为因果”的效果才最有乐趣
453	1394825	8	要命的河蟹~！墓地里那场爱爱戏直接就咔咔掉了，劈腿女就直接从一脸坏笑变成了一脸惊恐！靠！什么跟什么啊~！！
454	1394825	10	吓死我了！又疼又吓人又有些恶搞。更像是因果关系的多线性剧作练习。有些时间上的小问题，但一直偏爱这种结构。
455	2181137	8	虽然片名有活死人，但不是传统的丧尸片，片中几个镜头很难忘，呕吐内脏，电钻穿头，抓人脑和天降大蛆，腐烂的化妆也不错，尤其是留血泪那两段很神奇还是特写，最后五分钟配乐也很赞
456	2181137	7	节奏慢的发困，剧情看的迷迷糊糊，好在这类老式恐怖片的恐怖效果够实在，镜头往各种恶心化妆上靠、大特写，看到喷蛆的我震惊了。最后僵尸boss居然被木条捅死，无语啊
457	2181137	8	影史上其中一套最詭異的喪屍片。
458	2181137	6	2.5 来云南吃回烧烤，这些也就那么回事。虫子脑子肠子不要浪费，全都可以串竹签烤了。
459	2181137	10	又看了个一个Fulci节奏昏昏欲睡的血浆大片，意片英配就没见过配得好的。此片僵尸基本上算是什么邪恶的仆从之类，以眼杀人只手探脑，然而太脆皮了完全不经打，纯粹出来恶心人。地下墓穴天花板挂满干尸骷髅那个场景还不错。
460	25804293	6	Tariq继续混在MI5 233 2015-02-23想看| 奇妙的政治生态，再次说明真正的幕后大boss是Arnold、 Humphrey，首相也只是棋子。报社主编的范儿好赞。老局长留下那瓶酒看得人有点难受。
461	25804293	6	喜欢报纸主编的家，布置的好温馨，尤其那个沙发好想拥有
462	25804293	9	英国制造
463	25804293	9	三部曲终章，比尔在这一系列电影中所崭露的是英国人最让人着迷的一面。
464	25804293	10	跟体制作战没有胜利可言，占一时先机，留几分惆怅。还是听爵士就得好。
465	1394470	7	太给力了我艹
466	1394470	7	小森森真可爱～叶伟信你的可乐情结是有多变态
467	1394470	10	小时候虽然曾经胆小到看鬼片吓到过，不过后来还是壮着胆子租碟看了这一部丧尸片，还蛮欢乐的，恐怖的比例倒是感觉小了不少。
468	1394470	9	真是很大的惊喜，拍得好点，一直按这个风格走，昆汀没戏
469	1394470	7	好温馨啊
470	1300317	6	任达华的演技也太撇脚了吧 谭耀文那个时候太萌了
471	1300317	6	故事远不如前作，不过林熙蕾真是性感，柯受良也叫人怀念。
472	1300317	6	蛮多卡司的。伊面也酷酷的 柏芝美美的。陈豪 很有性格的样子 不错。
473	1300317	7	曾经的玉女和林美人 郑那时很有蛊惑仔的味道 谭 任 陈 柯演得都很棒
474	1300317	7	cast其实很强大啊……飙车是太演绎了……三菱一定赞助了比富士更多的money&……其实人物塑造的很好啊！装逼的太不懂得欣赏了……又看了一遍，真的不错……
475	1422189	10	当爱因斯坦遇上梦露...
476	1422189	10	玛丽莲·梦露差点和爱因斯坦一夜情，罗格你牛逼……
477	1422189	6	罗格一九八五年的终极思维游戏放在世界末年来看，在合适不过啦。
478	1422189	9	破碎美学
479	1422189	6	确实毫无意义
480	3095502	9	以为就是亚马逊丛林的纪录片，没料到居然有剧情。看的时候满脑子都是摄影师在水下有没有被水草缠住啊在陆地上有没有被热带蚊子咬死啊。买票前纠结了好久买法语还是葡萄牙语场，结果全片就两句人话啊哈哈哈哈哈。ps：不知道的电影本身还是电影院的问题，画面实在是太暗了，暗到看不到朋友递过来的爆米花
481	3095502	10	差点睡着。小朋友说得没错，这不是一部动画片，这是真实的亚马逊。看得要睡着可能是因为导演很难把控萌猴与其他动物，尤其是非猴类动物之间的互动，以致从前到后波澜不惊，亚马逊的壮阔与奇异，看着看着就倦了。可能像动物世界那样，赵老师来解说会好些。
482	3095502	10	一部模糊了纪录片和类型片界限以动物为主角的电影。珍奇动物数不胜数，雨林景象叹为观止，配乐棒，3D好。看得我完全沉浸在这只小猴子的世界里，后面看到人类反而很反感尤其看到他们破坏自然的行径。仔细倾听，其实大自然的动物也有他们的声音和语言。虽然你不听懂，但只要用心就一定能猜出他们的意思。
483	3095502	6	我不分前後鼻音的媽，跟我講了一個禮拜亞馬遜門猴，我一直以為那是個品種！PS 那隻靠正看成餅側成峰風靡網路的鷹，原來是這裡來的呀~
484	3095502	7	好像剪过啊这也要剪？不够紧凑 类动画但没啥情节 归纪录片又气场不足 帮忙开锁的狐鼬好聪明 犰狳都有、、阳光穿过带着雾气的森林真是美极了 掉水里那段好惊险 就是配乐鼓点好重 吃蘑菇中毒的偷蛋贼还是挺可爱的 树懒的慢动作。。右手左手慢动作重播。。
485	3811342	6	如果没有老黄老吴，这个片子只值半星……
486	3811342	10	完全是一场时装秀嘛
487	3811342	8	谢天华的鼻子很不好看，不适合大荧幕啊
488	3811342	9	港味很纯的一部电影，可惜里面一件显出了香港本土片在遭遇了内地和海外市场双重打击后的乏力，邱礼涛对于港片的坚持让人动容
489	3811342	8	一哥话，而家黑社会唔识讲粗口
490	1962115	7	You can always always find romance in Paris.
491	1962115	6	女主角真是个不讨巧的个性。除了样貌还行，真想不出那个法国人看上了她什么。36岁了，爱人（亦或是被人爱）必先自爱的道理还需要别人（居然还是一个萍水相逢的法国人）告诉她，真是有够幼稚的。虽然故事写的有些莫名其妙，但是某些情绪还是很真实的，Parker Rosey 让人觉得这么不可爱的女人也有其可怜
492	1962115	7	看了无数遍的电影。。虽然绝对数量上可能没多少，但是自己感觉好多好多遍了。好多晚上把电脑放在膝盖上开着这部片，听对白，关掉画面，手里。。打着僵尸。。。 真TM寂寞的一个片。那姑娘漂亮的像狗一样。
493	1962115	6	“想有人爱你并没有错 大多数人在一起因为那样他们就不再孤单 但是有些人是在期待着奇迹 你就是那种人 首先你要在你的心里找到爱”别人都是孤独寂寞想找个人陪伴 而她想要寻找爱情
494	1962115	6	4優秀的大齡女青年看過這片后，雖然我還未大齡，卻總覺得有那麼一點希望。不是拒絕相親，而是總期待著遇見一個從未接觸過的陌生人，漫步在熟悉的街道，或者是駐足在一家口碑很好的甜品店。當對方表示邀請時，理智壓制過感性；當思念迭起時，衝動就成了最好的紅娘。嗯，我表示，自己可以接受閃婚了！
495	11541282	6	我非常理解为什么有人不要看（微笑）因为它竟然教女孩们play the field，试遍每一寸去找最适合的那双水晶鞋。直男们气急败坏地手动一星，说只有失去理智的女人和基佬才看。对对对。我宁可失去理智看死基佬孔雀的八块肌排，也不想看你们的头皮屑和游泳圈。
496	11541282	8	疲态毕露的续集。钱老板的腱子肉加孔雀的马达臀真是所有女人和基佬的春药～
497	11541282	10	剧情真的好烂，舞也一般，八百个孔雀也救不回来
498	11541282	7	想不到续集成了公路片，几个老友磨蹭着又摩擦着启程，絮叨着昔日荣光与前方繁华，空缺的底气被沿途一根根柴火点燃，身为喜剧，终归还是得到了释放与满足。班底没尽数回归，但幸好最喜欢的演员由此戏份吃重了些。不过捉襟见肘的寒酸还是易露，旧人远去更是一道强说愁的背景墙，使得美好再明丽也是虚晃。
499	11541282	8	红了就开始惜肉了，跳的少露的更少还有什么可看的？结尾那个镜头钱老板眼睛里映照出来的不是烟花，而是美金的光辉吧
500	1302911	10	他不是伪君子，他只是没忍住最后的诱惑。布努艾尔到底是在批判宗教还是在忧虑现代工业文明中的宗教？他抵御的住他那个时代的美酒面包和奶酪，裸体的女人，诽谤和谄媚，甚至连母亲也可以不顾，但是工业文明中飞机和迪厅的杂音实在是太难以让人集中精神。最后在拥挤的迪厅里，在人们都在如撒旦附身一般神经癫狂地抖动时，他到底是在一边装酷抽烟喝酒，还是在深深忧虑困惑？ 前面的部分有一种野蛮，粗粒原始的美。
501	1302911	9	老布啊老布，这个要是放在标放展映的话，观众要笑疯的……
502	1302911	6	信息社会的喧嚣让人心中已经没有宗教的位置了，无论是上帝还是撒旦
503	1302911	10	自认为大师较正经剧情片中最好的一部，也许倒是因没拍完才如此完美呢 因为短而且简单粗暴嘛，充斥着值得玩味的细节，体现了导演的很多想法 。。。来看我纯洁的腿 军鼓敲击 结尾是los sinners的Rebelde Radioactivo 选的名字好啊
504	1302911	8	布努艾尔宗教三部曲之 确实有宗教主题的惯有套路 包括探讨的主题 现代的困惑 虽然没了超现实主义的表现 但结构也不算是很明显的闭合了 隐喻和象征也可以无处不在 个人觉得飞机和柱头是极具冲击力的意象 特别是独立在不断变高的柱头上的苦行者
505	1785489	8	这应该是最早的表现主义电影，所谓表现主义就是一种二元论，始于魔鬼契约
506	1785489	10	5.0 放時為德文字幕 ，我居然只看懂了:ghost!默片ㄉ魅力 真是無窮!!!!!!!!
507	1785489	6	本片是德国早期电影的代表作，入选最伟大的一百部德国电影，但导演人斯特伦·赖伊则是丹麦人。这部摄制费达两万马克的影片是根据小说家汉斯•埃弗斯所写的剧本拍摄的，主演是保罗·威格纳。看的版本是56分钟，据说比原版少了半个小时。
508	1785489	6	Mirror stage
509	1785489	8	我的敌人就是自己 所谓如影随形啊 自己对抗自己 最后死，影子也坐在坟墓前，恐怖哇 学生的帽子太有特点了
510	1964087	6	Fred原来你钢琴也弹这么好>。<
511	1964087	7	Freddy棒透了~thumbs up XD
512	1964087	7	后台歌舞看多了其实剧情HE没什么太多意思。这部编舞也就那样，钢琴那段还行，双人舞编舞没啥亮点，星光舞台倒是挺好看。Eleanor腿好长！！男主男二其实都很隐忍很善良...好想学踢踏舞啊
513	1964087	9	我果然还是爱阿斯泰尔！！！和基友是真爱（。女朋友也特别可爱，B站上的翻译太烂了，但依旧舞蹈好棒！这种对自己身体精准的控制，以及双人舞给人搭档与竞争同存的观感非常嗲。芭蕾那段有点？？？其他的几段都好棒，特别是在一起吃饭后还有阿斯泰尔那段钢琴独舞，太有趣了！阿斯泰尔的角色永远那么温柔
514	1964087	8	Jonny不再是以往Fred那种自信满满无忧无虑的角色，虽然乐天依旧，却多了几分隐忍。最后如果不是强行大团圆的话，反而更有意思
515	26772763	9	要不是爽气的甩出了7w美金填了老公的窟窿，也不知道能不能这么硬气的损老公哈哈。说到底还是经济基础决定一切。
516	26772763	8	“我是看中了财政潜力才跟他结婚的。”“婚后就再没有节食。”“财务自由的概念就是能买得起10美金一盒，白人削的芒果切片。”……已婚妇女心有戚戚焉，梗不重要，重要的是吐了一个群体的想吐的槽。
517	26772763	9	作为即将去念商学院的人我可以负责任地讲我们都是背着巨额贷款毕业专门trap对象的变态；））心疼被坑的老司机2333
518	26772763	6	I don't wanna lean in. I wanna lie down. 哈哈哈哈哈哈哈哈好看！老公是菲日混血，她是中越混血，两个人在一起的日常就是吐槽韩国人23333333
519	26772763	6	爽，已婚的看更爽。
520	2344297	7	油管 https://www.youtube.com/watch?v=RvdxDMfMtiA
521	2344297	8	老片子了，小时候电视上看得。现在回想起来还是很有味道。
522	2344297	9	已发布生肉版本
523	2344297	8	正太长大了还是正太，大叔还是那个大叔。Dirk is brilliant.
524	2344297	8	亲爹和园丁争宠的故事。这爹肚量真小，明知道血浓于水还跟个弃妇一样上演后宫大戏陷害小三，最后整的自己里外不是人。全片狗血爱情剧即视感，把儿子换成妻子一样适用
525	1468030	10	有点像刘别谦和伍迪·艾伦的混合体，还要再加上点意大利新浪潮电影的那种社会性，以黑色神经喜剧的方式直面拉美社会中产阶级们荒诞和封闭的生活，还带着拉美人民特有的奔放和浪漫主义气质。爱与性，灵与肉，AIDS和避孕套，有点寓教于乐的主题，拍的很严肃，很欢乐。★★★★
526	1468030	6	阿方索卡隆剧情长片处女作。目前看过其早期作品里最喜欢的一部，在音乐和美术上无限接近库布里克，体现在古典音乐与具有仪式感的动作与场景设计，来回游走窗沿与三个女人发生关系那场戏最佳。将性瘾放大置于主人公身上，讲述一个“男性瘾者”的故事，使人物以一种疯癫的状态在画面里“插入形形色色的女性”与“被女性插入”（打针），其中充斥着各种对“性”的独到见解，将做爱比作踩死虫子，恶趣味十足。不足就是剧情过于类型化，...
527	1468030	7	我的心 有点牙疼。
528	1468030	9	Every take is so fucking green! 很High很欢乐，不拖沓不造作。最喜欢自杀那段：割脉怕痛/吃药胃难受/上吊难度高，“更高，更快，更强”——跳楼遵循奥林匹克精神，还可以打屁做爱互相鼓励。微波炉？噢，那个太变态，对不起，我们不想上头条，也不想给邻居造成困扰。我不关心什么中产阶级空虚，我只羡慕Tomás Tomás有个好邻居——远亲不如近邻，就这一点来说，这部影片太浪漫了...
529	1468030	9	踩纸杯，仪式感， 空姐练习，仪式感，一场仪式感的命运邂逅。
530	2131969	10	7.5
531	2131969	9	演技高超，但是被奇幻骗来看精神病我还是有点不开心。
532	2131969	9	我到最后都没明白，小女孩还是活在精神世界里，，还是活在现实生活中，一会真实，一会虚幻，好迷的一部心理悬疑类电影，已完成制作
533	2131969	7	群戏佳作~~~
534	2131969	9	oops
535	3013580	7	整体节奏不错，但是情节越到后面越扯。香港人民的眼睛很彪悍啊，都直接用肉眼看日全食...
536	3013580	9	日食居然都不报导...好意外..
537	3013580	6	一只狮子追十只羊，有肥有瘦，分别钻进了10个山洞。狮子只能进1个山洞，其他9只只能放弃。问狮子为什么进了一个瘦羊的山洞而不是肥羊的山洞？答案是：它愿意……《意外》的逻辑和思路跟这个不算脑筋急转弯的脑筋急转弯差不多。
538	3013580	8	所有意外都可以制造出来？ 很小的一个切入口，却能把故事拍的精妙、精短、精湛。大佬不再牛逼闪闪、无所不能，越来越人性的人物塑造，给人不一样的港片感受。
539	3013580	10	《跟踪》的姐妹篇。第66届威尼斯电影节参展影片。开局很是惊艳，中段有点拖沓，结局太太太俗套，但整体很不错。港产片团体作业+买凶杀人的变种。古天乐演得很像独行杀手。叶璇获29届香港金像奖最佳女配角。http://www.douban.com/group/topic/8640168/
540	1300957	6	虽然小丑的故事有点出挑（默片的形式加上尖锐的笑声，基督受难的形象），但在剧作结构上却有完整主题。面对生活的紧张尴尬与羞辱崩塌，犹如华美的黑洞。每个人都在企图守住自己的尊严，羞辱他人。心理剧是拷问，绷紧的弦，是置身无人舞台的落寞。当暴力对他者划上休止符，唯有彼此抚慰破洞，继续走圈。
541	1300957	7	在情节剧里玩男性阉割，伯格曼你有一手的。其他没什么，各种镜像、各种神话、各种精神崩溃，都能窥视到伯格曼中晚期登峰造极之作品的影子。关键是，这部电影贡献了影史最抢镜的，极富表演天赋的小猫咪。还有，这场电影的观众素质与那场《最爱》相比，简直天堂地狱。嘻嘻，还遇到了阿涅斯两口子～
542	1300957	9	舞台，人的挣扎，破碎的家庭一直是Bergman关注的中心，片中小马戏团其实是集中各个元素的完美背景。马戏团不但背负沉重的经营压力，还要精心打扮尽力表演，更要在不堪的时刻承受观众的笑声，可以说是很多底层人生活的缩影。那种舞台上的苦楚和卡比利亚有异曲同工之妙，因为结尾剩下的都只是破碎的心。
543	1300957	9	拼命维持做人的资格，那种战战兢兢的耻辱。爱所有小丑的段落：蒙耻的丈夫、枪顶脑门的惊恐、回归子宫的梦。- Year in, year out. Life stands still. - To me, it's fulfilment. - To me, emptiness. 伯格曼拍下层比较可爱。
544	1300957	9	L’humiliation, la honte, la solitude, la souffrance, la douleur de vivre… la mise à nu de l’homme reste un sujet de prédilection pour Bergman comme dans ce récit intimiste dont la sublime photographie...
545	3321409	8	“我所不确定的是，我们和那些受赠人的人生是不是截然不同？人生都那么短暂，是不是很多人都觉得活不够。”一个好剧本一个好故事一群好演员，摄影、构图一如经典的英国电影让人感觉美不胜收，配乐也使气氛营造的很不错。在这个早已安排过的宿命里，爱情又能起什么作用？★★★★
546	3321409	10	凯拉奈特莉悲催了，这部电影将她的所有缺点暴露而且是放大，丑！
547	3321409	10	石黑一雄的小说确实精彩，假设了一个绝望又冷漠的世界，像那阴云密布的天。喜欢几个角色蓬头垢面的样子，憨憨傻傻的，这更让人同情。满是怀旧英伦风的电影，却是一部科幻片，真是奇妙。唯一遗憾的是过于文艺的调调，这么棒的假设要有更精彩的故事就好了。何止主人公，很多事情我们也同样无能为力。
548	3321409	8	调调很中意，演员很中意，就是草泥马的含而不发的情绪，文艺不是这么个憋屈法儿吧。
549	3321409	10	一开始便是“1952年医学出现重大突破，医生终于能治愈过去的绝症，到了1967年，平均寿命已突破一百岁。”、在这样的过去虚拟语态中，故事开始，并且一直发生在过去。原作是“英国文坛移民三雄”之一的日裔英国小说家石黑一雄，其人曾被英国皇室授勋为文学骑士，并获授法国艺术文学骑士勋章。
550	4301043	9	马特达蒙拼人品，格温妮丝开脑壳，脑残公知裘德洛，以德报怨玛丽昂，出师未捷温先死，何家小姐泪满襟。
551	4301043	9	人类推倒了一棵树，树上的蝙蝠飞进了猪圈里，猪被杀了做成了菜，厨子被要求和客人合影，于是sars就传遍了世界。所以病毒就是蝴蝶效应。
552	4301043	6	这种疑似社会学的拍法、讲法，显然就不是冲着疫病题材的娱乐价值去的，所以也就别指望它好看了，要是没有那么多大明星助阵，还有我最心爱的快进键，还真看不下去。女医生拿自己试验疫苗，然后去医院看望感染的父亲那场戏，内心，零星感动了。
553	4301043	6	其实还是太多明星脸扰乱了注意力，电影本身并不算烂，将叙事重点放在了病毒爆发后政府媒体和社会中的不同个体的应对上，且力保这个科幻故事的真实感。
554	4301043	6	三星半. 光用得漂亮, 取光和补光很有意思. 多处仅用了光和影就强调出了时局的紧张, 同时还渲染了病情扩散的速度以及世界的恐慌. 可惜题材偏老, 政府与疫苗制造商之间的暧昧关系, 封锁消息和高压下的暴乱都是老生常谈. 摄影再有意思, 节奏控制得再好也都被故事本身冲淡了. 希望索德伯格不会就此收山.
555	3239906	9	　　一个黑人爱上了一个女孩 ， 　　那个女孩跟了一个老头 ， 　　那个老头要杀那女孩 ， 　　那黑人去救她 ， 　　最后 ， 　　那黑人差点杀了那女孩 ， 　　那老头杀了那黑人 ， 　　那女孩杀了那老头。
556	3239906	7	这哥们最近怎么老拍烂片。
557	3239906	8	和军令如shi差不多的水准...
558	3239906	10	《第44条军规》：你以为老布会是主角，但当然他不是，你以为剧情会逐渐展开，但它却一直陷在无穷尽的废话和莫名其妙的剪辑把戏里，而最后你发现，根本没有什么剧情，一点都没有。
559	3239906	9	相比Bruce总共就出现不到15分钟来说……黑人Aaron Harvey的表现算是不错的了……但总体来看仍旧无法掩盖这是部烂片的本质。我看的直接睡着了……
560	1303010	8	《死亡诗社》翻版
561	1303010	7	50年代的迷人服装
562	1303010	9	julia roberts 和kirsten dunst在演对手戏！这太好看了。台词也很棒。
563	1303010	6	不是狠喜欢的片子～有点假，这个老师虽然自由但太女权的说～为什么老劝学生按照她的设想来生活～2016.9.10重看：编剧非常强大，而且立场并没有偏向哪一方，大嘴的一意孤行也遭到了重创，女生们也各有态度，很多转变都在一次次波澜不兴中无声地发生着。很好的群戏塑造。结尾的纪录片非常吓人。
564	1303010	9	原来卫斯理女子学院就是为了培养高端知识分子型家庭主妇的；真是全明星的女性阵容，太强大太养眼，茱莉亚罗伯茨尤其美；活在既定的条条框框里多累，无目的的漫游者都是懦夫，虽然一个人的努力并不能打破传统突破束缚，但总归会影响到一些有发展有前途的人，还算不错的女性励志片
565	1771061	6	虽然这部片子挺一般，但很令人回味无穷。也许大部分人的青春期都没有《歌舞青春》的轻快明亮，也没有Wild Child的180°转变，它就是一个缓慢的充满了矛盾、个性的带着些许痛楚的蜕变过程。根本没他妈台湾青春片描绘得那样美好。
566	1771061	7	爱上Kristen Stewart
567	1771061	10	为什么看着你沉默的模样 我会想起沉默时的Effy
568	1771061	9	When we choose to talk, what should we talk about and who are we going to talk to ?
569	1771061	6	很好的青春期教育片 KS美
570	1958275	7	很早以前的片子
571	1958275	7	终于看了传说中的女巨人，敢情是个正室扫灭小三跟奸夫的故事。因为成本太低特效太次，导演都没敢署真名，怕丢人。
572	1958275	10	对本片早有耳闻，这导演的片子居然不知不觉看了好几部
573	1958275	6	“看我如何三分钟收拾贱男和小三” 特效设计跟导演同年辛巴达比差太远了。
574	1958275	10	冲着某电影书籍的cult片推荐和海报来的，正片在55分钟后，前面铺垫了一大段冗长的情节，其实讲述的不过是个对丈夫唯命是从的女主在接触飞碟后化为巨人的逆袭之路，充分体现了女权主义的精神思想。
575	3931898	7	片子本身一般。珊农是个好演员！（他给付兰兰发了便当是在变相给断塔报仇吗？）
576	3931898	6	3.5。1.由冰冻之血至冰冻之心。2.氛围感很赞，深沉压抑，珊农角色的双面设定同马勒[大西洋城]。3.AV放映厅谈话戏很有质感。4.有时生活是很随机的，亦如杀人。5.最后一段黑暗中的所谓忏悔很带劲。6.你什么时候见过冰人哭了么？太不男人了。7.家庭对冰人的重要性：一切。
577	3931898	7	雪糕车冷血雇佣杀手，真实人物改编，故事一般，但演员不错，存在主义加六七十年代黑道情调，茫然无助的氛围加硬派场面，片尾曲很好
578	3931898	9	剧本太平庸，除了Kuklinski，其他的角色这能算是“浮光掠影”，白瞎了几个好演员，好在迈克尔·珊农拯救了这个片子。另外付兰兰领便当那段儿有点儿意思。
579	3931898	8	不错，蛮耐看的影片。
580	1294651	7	RF
581	1294651	8	很丰满的故事。不知道是否因为看过了此片山寨版Ringside Maisie，感觉没有很强烈。这好像是第一次看BD对口型装夜总会歌手，看了忍俊不禁。
582	1294651	7	小制作众星芸集，柔美多情的Bette，恶棍Bogart，枭匪Robinson，30年代他们各自演绎了无数遍的类似角色，更像是聚在一起的一场精彩的“本色演出”。。。
583	1294651	8	作为华纳力捧的女星年轻的戴维斯在这部影片中显得可爱又柔美和她大部分强势又神经质的角色判若两人，只是这个“可爱”的戴维斯却是影片中最多余的角色，如果减少这个角色的戏份而是在两个拳击经纪人之间着更多的笔墨那么或许就会完全不一样了，结尾颇具黑色幽默感。PS会七种语言的罗宾逊秀了把意大利语
584	1294651	6	链接：http://pan.baidu.com/s/1jIFyi7k 密码：qg03
585	20386979	6	我也爱鲜肉 \(￣︶￣*\))
586	20386979	9	糟糕混乱的生活
587	20386979	6	人的一生就是一个不断的拯救与被拯救的过程，人人都需要。有时候是自我救赎
588	20386979	9	看贝儿总想起Veronica，莫西干头小伙儿不错。
589	20386979	7	有所感同身受。小孩很萌。
590	1429059	10	因为有老塔，所以有一切。就像光，因你的存在而存在。
591	1429059	7	好像不應該上來就看這部
592	1429059	10	买《牺牲》时赠的这张碟，跟书对照着看。很不错
593	1429059	7	http://www.youtube.com/watch?v=sGXRaiAtwwU
594	1429059	10	意大利的虾耙子看起来很不错啊，老塔的脸像石雕
595	10746436	10	配角儿都巨萌，段子巨多巨滥巨好笑，主线情节比＜国家宝藏＞还臭，总结完毕，值得爆米花一桶。
596	10746436	9	小动物都灰常可爱~~
597	10746436	8	宝丰影城 3D 2012.9.15 18:51 12.5*1 即时重播，哈哈
598	10746436	8	一点儿也不比皮克斯的动画差啊！故事完整，盗墓、探险的情节够接地气儿，笑点也很多，爱情还佐以其中，细节更使劲卖萌。最喜欢愤怒的小鸟。不足之处：卡通人物总感觉某些动作不连贯，不够灵活。
599	10746436	10	探险部分设计非常精彩，笑点穿插也很好，要能挤进暑期就好了
600	1416877	9	1.爱和音乐可以维系着一群人；2.嫉妒如虎；3.悄然而至的变化，才华改变世界；4.戛然而止的镜头有时候是最有力的叙述；5.小镇的封闭与沉默，压抑内心的秘密、不堪和愤怒，在多年后终于爆发，那一刻才是真实活着；6.对喜欢的事物专心那是一份尊重；7.童年阴影与母亲车祸。
601	1416877	8	将人性简单化，人物模式化，故事煽情化，这种做法十分美国，一点也不欧洲。
602	1416877	6	胖姑娘可以很吸引人
603	1416877	8	那首歌好好听
604	1416877	6	音乐带着他回家
605	4307492	9	《天鹅湖》一段使我决定打五星。“后布列松”时代的乡村救赎。有形暴力和无形上帝的对峙，实而更是撒旦VS耶稣的符号化象征；然神内部亦有其辗转挣扎的离合变故。旦将永恒消磨掉，无论传教士抑或恐怖分子，都只是人。|除了悲伤，我感到这个国家从未进步过。|精神自由，便不畏死亡。
606	4307492	7	金棕榈，超级闷片，无法解读，但并不代表不好，只是我们不能理解那种文化
607	4307492	6	故事讲得很漂亮，各种电影语言。
608	4307492	9	执着的信仰。
609	4307492	8	宗教有点像爱情，作为一种信仰和支柱存在，却轻易被任何一种世俗力量打败。简单以人性论阐释此片似乎太含混了，然而关于宗教的仪式感和世俗根系，以及两种宗教的交流、对抗甚至是相依相存，我又不具备足够的知识来读懂。尽管真实事件发生于当代，却格外地古朴偏僻，仿佛尘世之外，节奏很慢，缓如唱诗。
610	1302597	8	情节紧凑，扣人心弦~英国电影电视剧真是一家亲：汉内的扮演者Robert Powell在90年代的音乐剧中饰演过福尔摩斯，斯克德的扮演者John Mills 在《死亡面具》里演过华生，而洛马斯警长的扮演者Eric Porter演过福尔摩斯的死敌莫里亚蒂教授~哇咔咔
611	1302597	7	太欢乐了~挂大笨钟时针上的始祖吗？
612	1302597	6	居然这个版本不是希区柯克拍的……
613	1302597	8	果然是经典，节奏紧凑，悬念迭起……但是德国人如果设定的不是11点三刻，而是11点50分，或者55分，汉内该怎么办呢？
614	1302597	10	我当希区柯克看的，结果失望透顶……回头才发现是翻拍
615	1867800	8	嘉宝的角色饰演得入心入肺，不过更加出彩的是carl大师的配乐，最后devil令两名男主由好友转为在雪地上厮斗的对头时嘉宝在屋内变得疯狂时那段音乐太精彩了，以及两男主最后认识到“灵”而放弃“欲”重新走回一起接而惺惺相惜时难舍难分时，其实掉到水里的嘉宝还能抢救一下
616	1867800	6	青梅竹马的俩男中间插入一女（devil），决战边缘女人死了，俩男又能幸福快乐地生活在一起了。。。。
617	1867800	10	当魔鬼无法从精神上接近我们，他就会创造一个足够美丽的女人从肉体上接近我们。
618	1867800	7	6。嘉宝虽美欲相争，敢为基情抛爱情
619	1867800	10	二男好有爱。
620	1294471	8	多年后，小埃文也出落成了女神
621	1294471	9	女孩不错
622	1294471	10	2000年以前看的电影。凤凰卫视电影频道看的！
623	1294471	7	还行吧……
624	1294471	6	这也是为什么豆瓣的这部电影海报换掉了的原因，以前是两人的大头像那张。网上已有720P的资源
625	20254363	6	7，地域矛盾，南北问题，嫁妆问题，其实这个片子反映的印度社会问题还蛮现实的
626	20254363	6	没想到南北印度文化习俗观念差别那么大，居然到了影响结婚的地步，像是封建社会敌对的双方。再次感叹印度传统文化还是保留延续得不错，婚礼很有特色。女主还是一样的灵气，男主眼睛经常无神，不如施坦·马洛萨帅，当然也算是典型的印度帅哥。
627	20254363	9	好看的烂片，全片女主颜值担当，最后海边神庙边的婚礼，太有特色。相比中国，印度做到了保持民族服装还不嫌土俗，也是难得 。
628	20254363	6	男主父母到底是为啥
629	20254363	8	爱情色彩很美
630	1300055	8	二段式，长镜头，人类良知的催生，理智道德人性的泯灭，最终都将获得审判。
631	1300055	7	过分写实的镜头缺乏美感，反政治的色彩太浓，你不能像小学生作文那样记个流水账，然后说任何技巧都是扯淡
632	1300055	10	又没一篇对胃口:( 这片最重要一词,其实在那个暧昧的DUALITY上面. 还是保守派的老布吧.悻悻地想.那些操歌印象深刻,相当琅琅上口:)什么人的异化啊,战争的本质啊,怎样不合作抵抗啊,又怎样说到底我们还是站在这一边的啊,那些说得都滥掉的东西,也没讲得如何高超.氛围倒是一贯的.洗
633	1300055	10	片子里到处都渗出来“歧视”，教官对军人的歧视、军人对平民的歧视、平民对妓女的歧视、战争对生命的歧视、作者对战争的歧视……整部片子温馨的场景只有那么几瞬，大量的黑色幽默占了主要篇幅，这就是这部电影高明的地方，那些军歌和脏话很能惹人发笑，但是当你笑的同时也正说明了你已成了麻木的看客。
634	1300055	7	5.0。回想周六下午暖调又硬冷的《全金属外壳》，仿佛能融化这个即将到来的寒冬，即便资料馆外早已冷风过境。
635	2997817	8	以后要嫁给Jamie叔这样的宅男= =+
636	2997817	6	我竟然木有标过这个！不科学！
637	2997817	7	damon alban如何压榨配合他录音的人？！～请看！～
638	2997817	8	十年就这么过去了。。。
639	2997817	6	笨 呀 哪 時
640	25792608	7	不是那种最后才揭露真相的罪案片。没悬疑不紧张，感觉就是在讲人性的种种。北欧的片子总是有种说不清道不明的基调中了心里不知道的什么位置。唯一纠结的是：你们呀最后都没把动物们放出来吗？！
641	25792608	6	从来没见过这么废的警察男主，老是被打被绑，但反而显得挺有血有肉的，特别和继子一起的两场戏。然后我最兴奋的就是看到Pilou演高帅富Villain，性感到爆炸啊，眼神超瘆人，不过跟年轻的时候比是不是有点长残了？结局也很赞，成年的Ditlev和成年的女主在沉默的心里也是一对
642	25792608	8	我曾经多羡慕你的青春风光，不可一世。现在就多同情你的悲伤绝望，痛苦窒息！冷峻的欧洲片儿风格真统一啊！
643	25792608	7	剧情比上部简单易懂，但没那么刺激了
644	25792608	9	案件本身比较精彩，比第一部的确认过眼神害死你家人好多了，但是主角缺少了第一集那种孤僻的冷感
645	24857754	6	这是我两位哥哥的最爱，所以我也去看并爱上了呐！当代的《波西米亚人》。看幕后，创作人Larson在外百老汇首演下午突发心脏病去世，他从不知这部剧最后火成啥样…唏嘘，生活比戏剧更戏剧。好作品永久，没多久就演到了百老汇，并一直演到今天演到以后…
646	24857754	9	感谢声入人心，感谢郑云龙，让我走近音乐剧，。第一次看音乐剧，小天使去世后，科林再次唱起I will cover you时哭到停不下来，以后有机会一定要看现场版，音乐剧真是太震撼了
647	24857754	9	Will Chase帅炸！Renee这部里的风格和Hamilton里完全不同，太厉害了……最喜欢gay那对，甜甜甜
648	24857754	7	好多熟脸。只喜欢Joan，别人都跟一群大猴子似的。。。
649	24857754	9	太棒太棒
650	2977766	6	皮克斯式牛逼！少有立即看第二遍的~这应该就是把拍正片时搜集的资料用上了吧，基本上是我见过最厉害的附赠短片了，用事实证明了动画短片不是光创意就行。特吕弗的出现让我简直要爱死它了！哪怕说教都一点儿不烦。要不是我这辈子怕死了耗子并且密集恐惧（这种傻缺理由……），必须五星了！
651	2977766	8	看到特吕弗的时候没敢认……真瞎了啊。用了各种画风和各种动画形式，包括一段默片。资料翔实生动有趣，某些结构和表现方式大约参考了布鲁诺·波茨多的[伟大的历史动画]。免责声明是亮点。
652	2977766	6	很少有长知识的小短片 没看到高清版很不爽 讨厌youtube效果的视频
653	2977766	10	Haha, good try but you guys did not succeed to convince me to be your friend. Pixar ruined it at the end.
654	2977766	8	老鼠求和记。人类当然不可能与之共存啦有老鼠的地方就有灭鼠。生命力可真强哦。但实在太脏了。动画片里的另当别论。
655	1979147	6	我没有信仰
656	1979147	7	一生在赎罪
657	1979147	6	信仰的力量
658	1979147	6	前二十分钟的时候没看懂，以为老头是一江湖骗子呢，看进去以后杯具了，久久出不来。
659	1979147	9	我的救赎者，求你怜悯我这个可怜的罪人，我内心的漂泊，信仰的不坚定让我害怕，唯有靠你的力量.....http://www.tudou.com/programs/view/GEELI6U3FDs/
660	1308461	10	某些情况下我发觉，只能看豆瓣评分在7-8之间的电影了。
661	1308461	6	达摩为何东渡？其实人生只有一个目标：简单明了，修得圆满，求得好死。
662	1308461	9	这不是一部关于禅的片子，而是它本是就是禅。
663	1308461	7	6星 很久没被震过了！如化的镜头连接，无限丰富的镜头组合语言。
664	1308461	6	4- 韩国宗教题材相关，今春看了林权泽《曼陀罗》，金基德《春夏秋冬又一春》和裵鏞均这部。影像语言上，金基德的确高人一筹。而论思辨《曼》又高于《东渡》。印象深是人人皆佛的立论，对俗世由贬斥至悦纳的修行。不完美之完美性。
665	24859795	9	两片胸肌，一片一星
666	24859795	8	慢镜头太多
667	24859795	9	飞机上看的烂片 除了肌肉没啥可看 噢 王后和看不见的宙斯一夜情时表演得不错 看样子宙斯软硬件都很棒
668	24859795	10	可悲的人生。
669	24859795	6	什么乱七八糟的
670	2134299	8	一个小女孩为了融入小集体迷失了自我，最后明白忠于自我才是最重要的，然后又重新做回自己重拾友谊的故事~小女主演技很棒。
671	2134299	6	好听
672	2134299	6	木有中文字幕。。。
673	2134299	8	Who I am? I think people are kind and sweet at the very beginning. Then those are determined by time and environments.
674	2134299	6	为什么呢
675	1303391	10	非常有趣的电影，彼得洛、普莱斯都萌萌哒，还有嫩出水的尼克尔森~
676	1303391	8	爱伦坡的《乌鸦》改编为呆萌气质十足的魔法师斗法喜剧。英俊的少年尼克尔森与卡洛夫大神都塑造了让人津津乐道的人物形象。有伏笔、有悬念、有转折，无论从年代还是爱伦坡的影视改编中都算是一部杰出的小品。
677	1303391	10	Peter Lorre大萌， Nicholson年轻时候居然是美正太一枚
678	1303391	7	分明是喜剧；文森特普莱斯+卡洛夫+彼得洛+尼克尔森，凑齐这个卡司不容易啊。
679	1303391	7	魔法大对决挽回了一层局面。论乌鸦为什么不会说话了的寓言故事，告诫我们，话可以乱说，戈不能乱倒哦！另外，杰克尼克尔森年轻的容貌真的一点辨识度也没有。彼得洛的演技并没有在里面有展现，影片的后一年也离开人世了。
680	22715021	8	红线糯米今犹在，不见当年林正英。和《功夫》的猪笼城寨的封闭性及致敬前辈一样，重启了多年未曾触及的僵尸片，老戏骨的演出值得激赏。可惜年代的转变今非昔比，故事干瘪沉重，美学和日式风也太重形式，已经再也回不去了。正如结尾的临终一梦，僵尸戏码大势已去，终归是入殓为安。
681	22715021	6	放不下的执念，必将在死前重演
682	22715021	6	一部气质文艺的僵尸片，它在题材和内容上算是这一题材的传承，但它讲的重点是人性，人们对于被遗忘的恐惧。让整部电影变得与众不同的是它的视觉效果，导演在视觉、氛围和细节上创造了一个属于他的世界，视觉系的暴力场面相当诡异，这种恐怖感营造更高端，它是逐渐在视听上笼罩人心。★★★
683	22715021	9	HKAFF三級版。老實說，並沒有期待中那麼好，四星是私心。沒看過殭屍片，但我想除了演員外，這部片子所蘊含的殭屍元素並沒有那麼多。視覺效果陰暗而美，CG一般，有些許驚悚，配樂有參差。Juno是個想法很多的好少年，講許多人情人世，但貫徹得不夠徹底，遺憾。鮑姐真的演得好好，以及好愛陳友！！
684	22715021	6	香港僵尸片的外壳，嵌入日式恐怖片的元素。麦浚龙+清水崇，怀旧却又不失创新，cult却又不失文艺。结局那段臆想镜头，致敬经典僵尸片的同时，亦暗示现状：老式港片风光不再，但仍有一帮人坚持。
685	1301374	9	画面和音乐都相当唯美 完全笼罩于田园牧歌的情调之中
686	1301374	10	Bilitis绝对不难界定，裸体和性爱的场面太过，所以是情色的。饰演少女的Patti，现在已不能看，但当时真是美得不像话，唯独不是少女，相反Irka虽然年轻，却糟糕得多。Patti换泳衣的倔强、模仿Irka动作，Irka在享受性爱时少女在窗口的嫉妒，以及好的配乐和画面，为4星理由
687	1301374	6	像诗一样美，好美好美。
688	1301374	7	导演=画面帝，编剧竟是CB！少女的脸不那么少女，但身材和脾气妙极！总急吼吼的，莫不是白羊？美少妇瘦得皮包骨，她老公太JP，装B家暴又劈腿，每次都要强×么？少妇可怜又可恨，小妞男男女女好欢乐！结局=双重失恋，一杯苦酒和泪吞
689	1301374	8	梦幻的配乐加上梦幻的画面让整部片子都充满了青春和欲望的氤氲，海滩的每一个镜头都美得不得了，就是里面的女人都瘦极了。
690	1294085	7	Emma Thompson美得有历史哇
691	1294085	10	黑白部分的镜头很有西区老头的视角，特别是杀女主那段，很美。这个女主还是比较适合古典装扮。
692	1294085	10	magnet:?xt=urn:btih:8bb420ea69915ae7d223d26c0e760869d87951f9&dn=Dead.Again.1991.720p.WEB-DL.DD5.1.H264-FGT
693	1294085	10	CCAV6看的，两段时空同时进行，哥特风格很强烈
694	1294085	9	比这个转世故事更让人唏嘘的是当年的两人啊。感觉艾玛婶从20岁到50岁之间颜值长相恒定不变，肯叔是活活从娃娃脸的小鲜肉长成了真大叔。
695	10735399	9	一个男人对生活困境的抗争，却最终败给了社会的种族偏见和歧视。没有花哨技巧却还原了真实的力量。
696	10735399	8	一个人历经逆境堕落，正准备重新开始，生命却意外的戛然而止：这其实是一个古希腊悲剧的范本。可惜新人导演只是以“记录”的手法还原了事件，而没有发掘出更多深层内容，从而缺少了撬动人心的支点。
697	10735399	6	这大概是奥斯卡非常普通的一天，我们了解了他想要变好，包括救狗表现善良。还交代了他的女友，女儿，家人，朋友以及对未来的憧憬。这一切，都让这个角色更有血有肉，观众也会对他更有感情。这样，结尾才会更震惊。
698	10735399	7	影片所讲述的关于一条报纸上的头条新闻背后的人性故事能够引起每个人的共鸣。它也清晰地展现了导演和演员们拥有的潜力
699	10735399	6	很喜欢最后的悲剧结局 因为现实的无奈不公随时随地存在
700	2997134	7	这部电影的3D效果是继阿凡达之后的另一巅峰。是男人就一定要看
701	2997134	10	3D画面音效配乐无一不牛逼，只可惜最重要的剧情弱得可怜。
702	2997134	9	兹兹兹兹兹兹兹 啾啾啾啾啾啾啾 动作场面BONG BONG BONG 对白场景呼 呼 呼
703	2997134	6	3D效果非常棒，音效和原声也很cool，超出预料的好，只是在剧情张力上可以下点功夫，可以再劲一点。
704	2997134	7	音乐概念电影。
705	3557490	10	两族之间的战争戏码精彩过瘾，也符合原著中的大量战争戏设定，政治戏码被喻以现代意义，更使电影拔高了一个层次。费恩斯的表演依旧是那种内敛的张狂，不羁时让人不忍叫好。此外几位配角譬如其母瓦妮莎·雷德格瑞夫也极有力量。电影区区1千万成本，独立又不乏普世精神，实在难能可贵。
706	3557490	10	台词和主题照搬莎士比亚，演员的舞台范也很讨人欢喜，但现代战争背景的设置仿佛架空了真实感，使这个故事变成了空中楼阁，仿佛一件遥远的事情。资金的限制也不见了莎士比亚原著中大量的动作戏份，我们只看到了角色身上的伤疤和内心挣扎，好在演员的功力经得起镜头大特写的考验。★★★☆
707	3557490	9	电影本身四星。莎士比亚增色，再添一星。Ralph Fiennes is a better director than I had imagined him to be. 而且他来Q&A时多么诚恳谦逊可爱啊，加分加分。
708	3557490	8	特地看了下原著，做好充分的心理准备，但现代背景配上原著台词还是很别扭啊，观众频频笑场...过于追求舞台戏剧张力，有点弄巧反拙了，毕竟不是每个观众都是莎士比亚迷...不过作为导演处女作，运镜和演绎还是很惊艳的
709	3557490	10	一开始以为是politics隐喻片，还说古文真装逼，呵呵呵。最后字幕才发现原来改编自莎翁的大作，没文化，真可怕...默默走开了... 撇去一切背景知识，我认为，这是一部，伦理片。。。
710	6780857	10	故事开场平淡逐步递进。。后半部分画面恐怖的很文艺~~~
711	6780857	10	文艺范惊悚片，当然前半部分还是很像青春惊悚片的样子，后半部分转奇幻风之后腔调就一下起来了。结构稍简单。
712	6780857	10	理解不能
713	6780857	9	忒文艺了，悬疑难解。
714	6780857	7	前半段节奏慢，不习惯。后半段很科幻，很吸引
715	1295187	9	若赫本和格兰特能再年轻点肯定更好看了。电影还不错与希区柯克风格毕竟不同。有点浪漫有点悬疑有点恩仇有点血腥。演恶人帮的配角也蛮有特色。看赫本换行头。
716	1295187	9	挺好玩的，最好玩的是死亡率这么高的片子始终保持轻松的氛围。坏蛋也比较绅士，生死搏斗后也能开玩笑。赫本不年轻，格兰特很老。许多侦探片桥段比较弱，没太有新意。
717	1295187	9	类型片，没有多少突破可言，一直以为最后会来个借尸还魂；同样除了一些小瑕疵，本片也无缺陷，紧凑而又颇有味道，演员们提升了影片的档次，格兰特尤为出色。
718	1295187	9	8。8分 悬念贯穿整部电影，可以和希区柯克悬疑片一较高下，再加上加利格兰特和奥黛丽赫本两位巨星应该更胜一筹。本片节奏很好，幽默和紧张处理的很好。
719	1295187	10	非常棒的悬疑喜剧 虽然一开始就大概猜到凶手 但是还是有很多出乎意料的剧情 配乐非常棒 片头的设计也充满了智慧 再加上老帅哥加里格兰特和惊为天人的奥黛丽赫本 太舒服了
720	2346313	10	这片告诉我们兔子两条腿跑的速度要比四脚跳得多
721	2346313	9	陪伴我长大
722	2346313	7	我有兔八哥和达菲鸭的全集！！！>o<
723	2346313	7	这个猎人应该是没有大胡子的那版吧，黑鸭子想方设法想让那个猎人向兔八哥开枪，可是每次中枪的都是他~
724	2346313	10	达菲鸭智商被兔八哥压制了
725	1305218	7	影片讲述了kent饰演的群舞在戏里戏外同时体验了吉赛尔的故事，一起初恋、一起崩溃、一起被男主寻找、最后一起释然。非常简单且平铺直叙的感情线，但是没看过吉赛尔就真没办法理解，这种女孩为爱付出所有的心境。巧的是，我还真在纽约看过kent跳的吉赛尔，弥补了没看到她在这部剧跳舞的缺憾！
726	1305218	9	电影本身一般，与吉赛尔平行的戏外故事，不过冲着三大巨星还有打龙套的Lynn Seymour也值了。其实我一向不太喜欢老巴的阿尔伯特伯爵，整部电影里最抓人的还是没有几句台词的Ferri。
727	1305218	6	演员都演的很棒啊!感觉后半段的感情戏张力不够.
728	1305218	10	20100204.比较内敛细腻的那种感人 女主角的青春期纯真vs男主角的熟男风范。Julie Kent 侧脸好温婉啊 born 1969 当时只18岁 现在真的是芭蕾巨星哎！没想到片尾给《吉赛尔》演出那么大篇幅 Baryshnikov跳的真棒！！！
729	1305218	7	通过这部片子第一次看懂了吉赛尔
730	1470619	10	对不起，我没看完。。。
731	1470619	6	狄更斯的语言真是精致！
732	1470619	9	我要赤果果的表达下我对这位老律师先生的喜爱之情，那眼神简直了。狄更斯就是这样，从头至尾都是压抑心悸的铺展，最后揭示谜底。虽也随了简奥斯汀给了个大圆满，但这中间的曲折迂回人世百态又岂是一个happy ending就能诠释得了的。
733	1470619	6	沒片子看只好翻老片來補……嗯狄更斯（。
734	1470619	6	这部剧看了我半年。而狄更斯即将成为我大爱:)
735	1428053	6	萨尔玛海耶克演得真好
736	1428053	8	要命的爱情。
737	1428053	10	你爱我爱不起，我怪你怪不起
738	1428053	10	这对亡命鸳鸯，为一己私利，骗财骗色还不够，杀人就太恶劣了！连小女孩和老人都不放过！还口口声声爱爱爱！最后两人被处死刑，坐电椅我都不解恨！40年代人家交笔友已经为当今会网友的各位女性敲响了警钟！
739	1428053	9	男人被那女人害惨了
740	2210391	10	生活小品
741	2210391	6	温情，初夏荷花时期的爱情
742	2210391	8	老人们演的爱情片 如此让人感动
743	2210391	6	艾玛.汤普森身材走形得真叫一个夸张啊
744	2210391	7	People who are used to the disappointing life will like it!
745	1299879	8	逆信仰之想+异政治之光+吻。复古色的戏中戏。得益于普伊格原著，使得全片台词优雅精致，且而字字珠玑。滑出面具的泪珠。蜘蛛女&张网游戏。|-你这样的无神论者从来没有停止谈论上帝。-你这样的同性恋者从来不面对现实。|看看现在谁活得更梦幻？|只有他自己知道，他是快乐还是悲伤地死去。
746	1299879	10	奥斯卡和戛纳双料影帝恩……NB
747	1299879	6	电影是好电影，可惜在看完这张碟之后，我的苹果硬盘就此挂了。
748	1299879	10	the dream is short ,but the dream is happy. And only he knows if he died happy or sad.
749	1299879	8	William Hurt really knows how to performing like a crazy but cool homosexual! I also love the way he speaks!
750	1506869	10	This is perfect example of what Dreyer's cinematography is and what is not. This is a film where you can find some gentle spirit lying beneath. Some sort of quietness that fulfils the whole movie. As ...
751	1506869	8	6。老女人果然无赖强势，妻子回来后家务如何安排
752	1506869	6	流暢許多，最後一個鏡頭與撒旦日記相同
753	1506869	9	http://www.tudou.com/programs/view/KQFHexRDy04/?FR=LIAN
754	1506869	9	帕梅拉……
755	1401592	6	马丁·斯科塞斯居功甚伟，至少目前在电影史教育与胶片修复等方面作出的贡献，无人能敌。
756	1401592	7	第一部分：黄金时代大制片厂类型片概述；第二部分：表现技法探索与导演风格显现；第三部分：主流的遵从与挑战以及明星角色分析。为什么要看老电影？马丁说因为我还把自己当成一个学生，我拍了二十年电影，但越拍越觉得所知不足。
757	1401592	6	看完有一种感觉，很多人只是把电影当作个人表达的途径，而斯科塞斯则把电影当作宗教，他就是一个虔诚的门徒。所以拍出了那么多伟大作品，仍如此地谦卑。他还如此渊博，乐于倾囊相授，似乎只想为电影奉献自己。在我看来，斯科塞斯是完美的人，令人崇敬。
758	1401592	6	One of the best documentaries about American filmmaking history.
759	1401592	6	http://v.youku.com/v_show/id_XMTI0NzQ4NDMy.html
760	1423035	7	绿你妹
761	1423035	6	虽然有不尽人意的地方，但不失是一部有可取之处的恐怖电影。日本人的心境和反应还是太特殊了，在中国人眼里看来多少有些怪异，这个不好评价，但是影片的场景中破败的病房和装修完整的前台构成了一个极有意思的对比，也契合电影中红绿的内容。
762	1423035	9	拉斯冯提尔《医院风云》cult版。昧着良心做事便会感染，产生幻觉。中间节奏略显拖沓。
763	1423035	8	不恐怖，但是我的心一直被吊着。。紧张感忒有了。。真的是大脑控制所有看到的东西吗
764	1423035	8	太精彩了，看到最后会后背发凉，悬念啊悬念！非常喜欢的恐怖片。心理上的摧残，倒是很过瘾。不敢再看.
765	6384552	9	这么剧透的剧照我竟然没发现。开始很平淡但后面真的满精彩。毒药姑妈和圣母女主如果联手可以拯救世界，恋母自卑又自以为是的熊孩子毁灭世界。其实这是个父子互杀的片子【无误】。旧国王是个好人。原来god save the king在1300年就有了，我还以为是亨利八时候才出现的【←中世纪史怎么学的！
766	6384552	7	先造桥，后打仗，再瘟疫，最后起义，什么都想拍却什么都没拍好，比起前一部来差得还真不是一点点。
767	6384552	9	这是什么猎奇的剧情，居然敢号称历史剧= = 看到那对基友之一最后突然亮出爱德华二世的身份时我彻底瞎了。
768	6384552	6	汤姆哈迪的老婆太丑了！斗鸡眼！
769	6384552	7	真的觉得第一集的水准太低...
770	1295524	6	非典型西部片，两个活宝太抢镜了...
771	1295524	8	好闹腾。光记得小孩子要出恭的场景了
772	3016975	7	第一次看桔平叔演的烂片比较不适应。
773	3016975	7	我以为我看了一部最烂的谍片 所以最后20分钟就全变爱情戏码了么 gary和椎名桔平也不能拯救这一无是处的片
774	3016975	9	一个拥有政治阴谋、黑社会、特种兵的片子拍的让人睡着了
775	3016975	9	节奏不齐，主题混乱，美日混血……
776	3016975	6	一是不习惯椎名桔平的正经模样，二是不喜欢长谷川歇斯底里的样子。
777	1844594	10	童年阴影
778	1844594	7	张伯伦年轻时候漂亮，老的时候却越来越有味道。演荆棘鸟之初我不免抱怨年龄偏大，到最后完全被演技折服，国王和红衣主教，对他是游刃有余
779	1844594	9	新版老版都看过，老版的上译配音赞！
780	1844594	7	去看里奥那多最清纯时期的，片子没有想象中好
781	1844594	7	重温上译版；想起大学时读的火枪手系列，时光转了一圈。
782	1480993	9	比《十月》好看得多。但是等等，我沒懂，「聖彼得堡」不是一戰中就被沙皇俄國改成了「彼得格勒」嗎？十月革命後左派中有恢復成「聖彼得堡」的呼聲，但最終改成「列寧格勒」。這anachronism（如果真是anachronism的話）或有深意？
783	1480993	8	战场与户外金融市场的对比
784	1480993	8	最最好的战争片段
785	1480993	10	just...plz no more old russian films...
786	1480993	7	蒙太奇风格，强烈的画面对比冲突，宏大历史叙述与微观个体叙述的结合。但是人物情感太肤浅，形象太刻板，价值观太伟光正，没有被打动到
787	2133469	8	@资料馆。很闷，几处山路长镜头很迷人，内容不评论了。散场时听俩大妈聊天说，就看了一堆人在那儿穷叨叨。不知道在场那些大爷大妈们忍完这片儿有没有一点兔死狐悲的赶脚。
788	2133469	6	法国大农村。这种有关时间重量的主题，感觉还是尼古拉·菲力贝更牛逼一点（[重返诺曼底]之类），但是这部片还是很有深度的，（老）人与土地的关系，农场和农村生活方式的消逝。照相式的采访带来某种逼问的架势，旁白则带出另一种叙述的时态。音乐真心不错。（Cristi Puiu纪录片课上看的）
789	2133469	9	2012.3.15.资料馆。除了好看的画面与特写，段落式叠加感不怎么喜欢，导演太注意形式，小心别睡着
790	2133469	8	非常喜欢他的纪录片。
791	2133469	9	现代生活真的楚含不错,值得一看
792	1293750	7	比较少见的角度，一般二战片是从反抗国角度来拍的，而这个电影是从德国。很真实，很棒。德国人在承认历史错误上，比日本人要好的多。同时也应了一句话，历史上最愚蠢的事就是希特勒攻打苏联。。。
793	1293750	8	德国人的视角看斯大林格勒战役——谁不想与妻儿团聚，谁又想杀人，谁愿去恼人的沙漠，谁愿忍受麻木了一切感觉的西伯利亚的寒冷，谁想做一颗棋子？愿我们永远不会为国家意志牺牲自己的小幸福。
794	1293750	6	中尉是个典型人物，天真，理想，干净，爱护自己的士兵，渴望用勇气来赢得他们的尊敬，但是斯大林格勒的残酷真相终究摧毁了他的一切，从精神到肉体。恪守职责只知奋力战斗的上尉伤重而死。早已心灰意冷的老兵奥托将自己一枪爆头。弗里茨抱着中尉一起冻死在荒原。冰冷寂寥的雪覆盖了一切曾经炙热的生命。
795	1293750	10	又名《斯大林格勒战役》
796	1293750	9	四部同题材中最好的一部。人性的诉求，下坡型反常叙事结构，女性符号被刻意扭曲，以及直面战争中最直接的现实问题。值得反复看。
797	1982084	10	两个人的语言心理战争 没有炮火的激战
798	1982084	7	黄金配角变主角，有看头
799	1982084	9	2008-11-29，美版《梦想照进现实》。
800	1982084	9	精彩归精彩，还是有点烂尾
801	1982084	7	结局很加分，前面其实看得我昏昏欲睡很不在状态。我是冲着史蒂夫布希米看大。前面两个的较量我实在是没看出来有啥必要，而且也很不可思议。
802	1295296	9	三星半 女主够狠够蛇蝎 结尾好震撼
803	1295296	6	女主是我的调调哈哈哈哈
804	1295296	6	没看VCD，没看过DVD；直接看蓝光高清：看一遍剧场版再看DVD加长版
805	1295296	7	比较有意思的电影。国内外打分也都算挺高的。不知那部名为改编自江户川乱步作品的阴兽是否灵感部分来源于此。
806	1295296	9	smart women!标准的好莱坞新黑色电影，蛇蝎女，性诱惑和阴谋诡计，结尾有点没看明白
807	1297313	9	对迈克·李完全不能抵御，他的人物一开口就让你生活在旋涡里.....
808	1297313	10	感觉还是差那么一点点，小车子挺漂亮，可惜没什么戏份。这电影看完就明白为什么说life is sweet。因为阿甘说：life is like a box of chocolates。估计有人看完对巧克力有阴影了。
809	1297313	7	迈克李的苦中作乐。后半段几个片段相当感人，生活真的很难啊，有能说出口的话，有能听你说的人，真的蛮幸运的。
810	1297313	9	生活直述，加些笑料和荤段子，无高潮，有起伏但无规律，镜头对准众生，好，但中规中矩。
811	1297313	9	感覺麥克李非常仰賴演員的即興反應，多少放棄了情節的控制。又是另一種失調家庭的刻劃，差別在於情節並沒有透露明確的困境或是明顯的政治批判，鮮明的色彩和一些古怪的幽默把人物的悲喜雙面性融合在一起，是導演慣常的處理。麥克李的八零年代路線到此也該做個收尾了。
812	1479817	9	歌舞部分凑合吧
813	1479817	10	The movie musical's got some funny moments in it, and in some scenes, when there are dancers in glittering clothes dancing on the stage, it has a similar feeling to Chicago. The story was quite intere...
814	1479817	7	JS CUTE
815	1479817	7	不错的歌舞片
816	1479817	9	跟1968年的比起来，相对平庸
817	3214177	9	我们以人类的名义呼吁人类：记住你们的人性，忘记其他。
818	3214177	8	画面很美，导演很牛。世界末日，人类的自杀行为。故事可信度不大，纵使如此，suicide is painless。
819	3214177	6	在上世纪八十年代这应该是个很现实的议题，核武器的出现引发了人类对自掘坟墓的恐慌。
820	3214177	7	当人类文明土崩瓦解之后，我们该何去何从？
821	3214177	7	哎！
822	1303928	7	...要知道,导演可是罗曼波兰斯基.......
823	1303928	7	独腿老海盗带着年轻水手青蛙去偷西班牙国王的宝座。期间青蛙和西班牙总督的侄女被形容像桃子一样的女孩相爱了。两人落难沦为总督手下的船员，老海盗狡猾卑鄙，煽动水手暴动，多次失败但屡败屡战。最终青蛙和桃子没能在一起，跟着老海盗和金椅子漂流在海上。豆瓣的简介有靠谱的吗？多半都是一坨屎吧？
824	1303928	10	80年代的笑闹冒险片。看了简介千辛万苦找到了，看过即删，现在都没有什么太多的印象。
825	1303928	7	打来打去，最终又回到了原点，蛮欢乐的
826	1303928	6	儿时看的海盗片儿 竟然是罗导拍的 ~
827	2968611	7	长时间难以进入情境，也不再看得见罗伯茨的光环。
828	2968611	6	比我想象中的好看，剧情马马虎虎，但我实在不觉得两位主角来电。主要是配角出彩，片头两个人抱着大打出手的片段是最好玩的～
829	2968611	8	其實這只是一場遊戲。
830	2968611	7	把简单的事搞复杂，浪费；把复杂的事搞简单，贡献~导演你应该用大宝了……
831	2968611	6	输的好惨啊
832	1306548	6	令人愤怒的电影！
833	1306548	9	Haneke说，在戛纳放映的时候，当女主人开枪打死暴徒之一时，观众一起欢呼鼓掌，但当看到影片竟然被另一个暴徒用遥控器倒回去的时候，影院里鸦雀无声，所有人都惊呆了，不知所措。
834	1306548	7	牛比到泥麻痹哑口无言
835	1306548	7	典型固定机位长镜头，如坐针毡，煎熬难忍，但仍要为哈内克的变态恶趣味点赞；天降的恶魔几乎等同荒诞虚无的产物，恶魔邪恶的回首一笑乃是对观众的公然挑战，及至「倒带人生」，仿佛能听到哈内克得意的笑声；声音的运用（死金、电视机）也是一大亮点（哈内克对声效的运用向来很重视）。
836	1306548	10	没有逻辑可言的暴力无限循环，满是颠覆破坏与挑衅，哈内克用危如累卵的第四面墙始终在挑战着观者的忍耐底线，臭不要脸的！
837	1308769	8	像看了个游戏视频，组队下个副本，结果怪等级太高还没遇见BOSS就团灭了，剩下一个人的时候NPC出来帮忙，通了关，NPC还送了把神器，奥耶！
838	1308769	7	一头小辫子的铁血和一个爆炸头的女黑人之间说不清是战友情还是异星恋的感情纠葛，哎呦~~
839	1308769	10	天外神族与地下虫族之争，唯地表人族处二者之间，实力太弱，不堪一击。实力不够，智力来凑。危急关头，知道联合神族，共诛虫族，遂独活之。
840	1308769	10	要我说这片子就应该设定在一个鸟不拉屎的星球，开始弄两张字幕卡介绍背景，然后正片就是异形与铁血战士当面锣对面鼓二话不说操干起来；把人类加进去不尴不尬，还要塑造人物性格制造戏剧冲突多费劲啊！唯一的致敬点"You're one ugly mofo"还用错了对象，也是醉了。
841	1308769	7	凑合看。
842	1303254	10	如果小丑都哭了這世界就不荒誕了..
843	1303254	10	萧条的工业小镇，懒洋洋的生活，细腻的爱与痛
844	1303254	9	zooey一贯没有起伏的嗓音听多就腻了。米国小镇的日子其实也无聊的很。
845	1303254	6	病恹恹工厂小青年儿 <All These Vicious Dogs> - Will Oldham 00:20:49 - 00:22:16 clowns
846	1303254	9	最失败的地方是导演能力有限，没有把微妙的情绪讲清楚，加上男女主的表演稍不搭，使整部戏都很做作。但仍有我喜欢的地方，比如Zooey剪了Anna Karina式的短发（脸盲症几乎看到一半才认出是她），比如男主对着Zooey背面跳舞，还有轻轻柔柔的亲吻。
847	1300065	8	丽莎·明奈利丑了点
848	1300065	10	All the good things in life take place in no more than a minute. Suppose you live up to 70. Spent 35 years sleeping, 5 years going to bathroom, 19 years doing some kind of work you absolutely hated. S...
849	1300065	8	中规中矩，丽莎·明奈利的表演非常动人。影片中很多细节都表现了两个人在性格方面的差异，最后的结局也并不意外。女主的性格真是既让人可怜又觉得害怕。
850	1300065	10	丽莎表演实在是自然，可惜抵不过±10的炫技~
851	1300065	6	Dory Previn
852	1307439	10	她演得不好看
853	1307439	8	给我印象最深的对白是：do you believe it, they hate the play, but they love her.还有赫本父亲对她说的：the whole world loves you, you don't need me。
854	1307439	7	洛芙很漂亮，但不够美，跟赫本比起来，毫无气质
855	1307439	6	不够全面 赫本的气质模仿的不是很到位
856	1307439	6	稍显做作，作为传记要演活第一美女，已经及格了。
857	25931635	6	不知道每年夏天HBO为了艾美而做出来的这些历史/政治片， 到底有多少观众是真心实意感兴趣想看的...
858	25931635	10	这样的政治片不求场面宏大，表演的用心和刻画的直白足以说明问题。
859	25931635	7	不喜欢政治剧的会觉得非常的枯燥，Bryan很赞，可以说惟妙惟肖。安东尼，一张紧张兮兮的脸，松不下来， 像连续剧帝国里面的男主，都是松不下来的演员。题材多少有些guitian的意思，不讲战争讲黑人。
860	25931635	9	没想到有一天看到美国的主旋律电影也能热血沸腾
861	25931635	6	勉强及格。罗奇的美国政治片是眼下的一个标准。约翰逊粗俗的言辞、迫人的说服方式这些真实特色在电影里都有展示，但本片的重头戏是约翰逊和金在政治默契的前提下共同推动人权法案，一路到底说的不是胜选而是这个。这段历史被多次搬演，比如艾伦帕克就拍过密西西比事件。编导有为约翰逊正名的意图
862	1296557	10	可见那时候的广电总局还是朵木有G点的清纯小菊花，居然允许如此明目张胆题材的电影在内地全程取景！
863	1296557	6	生在地雷区，死在红旗下；投奔怒海船，焚身越南港
864	1296557	6	政治隐喻其实很明显，联想到此片上映时正值中英关于香港问题开始谈判，反映了港人对红色政权的恐惧，片中展现的不是一个日本人眼中的越南，而是一个香港人眼中的大陆。夫人那个角色也是暗指香港，她的经历即香港历史。看完还会明白，为什么说现在的小鲜肉将来成不了刘德华，不是导演好坏的问题。
865	1296557	10	珠影、海南兴隆农场、湛江市，一起在才开放那些年为许鞍华的这部红色恐怖电影贡献了一个“越南背景”。或许战乱才结束的地方都具备那种“意大利新现实主义”的苦逼气质吧，于是我在阮琴娘一家分明看到了《大地在波动》；起初对岘港文化局干部的描述尚属客观，但意识形态潜伏在后面，形成有些不适的转折
866	1296557	7	一束黑花+双刃的自由。中影史：香港新浪潮经典，以纪实的手法将镜头视角对准一个严肃的主题，对越南战后的新经济区的惨状给予了写实性描述，以新闻记者的视觉，以新闻报道的态度，对整个大环境的萧条败落致以无情的怀疑与批判，这似乎更呼应了当时香港人对九七前途的惶恐心态。PS：刘德华首触电。
867	3552817	9	最强对最强的续集吧
868	3552817	10	炫爆了
869	3552817	7	悟空最帅了！
870	3552817	6	想当初战斗力2000不到的赛亚人小手挥一挥就可以随便毁灭一个城市。一百亿。my god！！！
871	3552817	6	有贝吉塔的剧场版就是上档次
872	26340123	9	角色設定很有趣，劇情有點俗套，喜歡配樂！
873	26340123	7	不好看 不喜欢
874	26340123	7	还行
875	26340123	7	题材新颖，但故事弱，浪费了演员的好演技
876	26340123	9	很想问这些歪果拍爱奇艺网络电影的导演从哪边找到投资的
877	1295984	8	Kiefer烂片虽多但CP运很强，你看他自导自演找来的共演都是影帝影后级，这部里逃亡同伴是Vincent Gallo，90年代中期的加洛有多美你知道吗都知道吧！发色对比也有。不过这还是一部够抓瞎的烂片..
878	1295984	8	还算不错的公路逃亡片，尤其是男女主角的表演。
879	1295984	10	好喜欢vincent gallo！！
880	1295984	6	这个故事告诉我们，交友不慎毁一生。而且，千万别冒那种自己不能承担后果的险，对谁都没好处。
881	1295984	6	公路片，几个亡命徒抢劫了毒贩后上路逃亡，被黑帮和警察追击。剧情新意不太够，但波折度还行，可以一看。鲍小强一直看着眼熟，应该说演得超棒了。选歌加分。★★★☆
882	1293347	6	昨晚　看　午夜　巴黎　想到的
883	1293347	6	人生自是有情痴。
884	1293347	10	红磨坊的歌都一样啊
885	1293347	7	我觉得这个比那个新的好看。一开始我还以为是反拍呢，窘。
886	1293347	9	ʕ•̫͡•ʕ*̫͡*ʕ•͓͡•ʔ-̫͡-ʕ•̫͡•ʔ*̫͡*ʔ-̫͡-ʔ，打卡。
887	1301152	7	当年陈冲还这么漂亮呀，也有味道，惊一下。对《意》的影响深了，觉得她就长那样儿，还有《色戒》。 喜欢《天浴》
888	1301152	8	换个角度看事情。当年的陈冲为演这部电影补国人痛骂，比国际章还不堪。（补记）
889	1301152	7	男主演技真是够烂的
890	1301152	8	除了陈冲，没啥可看呀
891	1301152	6	没有字幕，边玩手机边看的，纯粹为了陈冲的争议。片子本身一般般。
892	2996114	6	三星给女主，剧情有些莫名其妙
893	2996114	6	剧情设置、戏剧化台词设计都很有亮点。里奥的嗓音有穿透力。
894	2996114	8	还可以，比较温暖
895	2996114	9	还可以呀
896	2996114	6	Sometimes u have to stand on ur own feet. And then u could see everything will be better. Cheer up,women~! >> I like this warm Ending.
897	1308401	8	開場段落拍得太好了，打字機起伏的「聲音」，完全蓋過了帽子跌下來的聲音，所以大家才沒有注意到，反襯打字機的聲音之大。明明是默片，卻通過這樣簡單兩種物件對照的方式來讓畫面「出聲」，太厲害了～
898	1308401	7	7。日本版《疤面人》。小津好多移动镜头。
899	1308401	7	默片还拍了这总能复杂情节的犯罪片，看来小津的野心是非常大的。田中绢代一定是非常努力的演员了，她并不上镜，但演技一直在提高。也许生活中是非常漂亮的，要不然不会那么多大导演都找她。
900	1308401	6	像这种黑社会老大爱上良家妇女的剧情老港拍得不少，不过小津导演的这部真是思路清奇啊，那个百合之吻拍得……啧啧啧。
901	1308401	7	彻底西化渗透到影片的里里外外，接近黑色电影的故事框架几乎就像是《开心地走吧》的翻拍，主题上虽然缺乏新意但在多次尝试下延续了不少固定机位和景深。本作田中绢代的颠覆性造型与设定也是极为少见，可以说是小津默片范围内集大成的黑帮之作，又是小津模仿好莱坞的真正终点。
902	2033549	8	哈哈哈可把我乐坏了 字幕卡可以说是一本正经且优雅地表达偏见了 丈夫最好不过是野夫最糟也就是见不得人 可谓金屋银屋不如自己狗窝的一种霸道表现了。如何通过失去丈夫明白丈夫才是最好 这主题是不是应该参考卡维尔啊哈哈。melodrama得还挺好看的//另外这绝对是健身-轻食邪教的鼻祖了
903	2033549	10	Yep，如题目所说。
904	2033549	9	Gloria开始参与DeMille的电影后，开始发光发热了。
905	2033549	7	已收藏
906	2378093	7	原画声音想象力都很超前，很喜欢旋转门出来就是有罪那里
907	2378093	7	猫和老鼠后来有致敬。
908	2378093	7	1-4
909	2378093	10	Mouse rules
910	2378093	7	布鲁托真灵魂出窍。除了法官、8人陪审团等猫猫组成的审判者长得比较凶外，证人猫都十分可亲。狗也真淘气，杀戮当乐趣。火苗烧绳子，也很顽皮。一场噩梦后，被烧尾巴之后，布鲁托看到洗完澡的小猫之后，心有余悸之后，放下戒备，还舔舔了小猫。
911	3112590	8	千两首的成功，逼迫池广一夫在技术上做出新的突破。可惜的是，关于人物内心的情感戏几乎都被删去，除了最后一个特写镜头，还依稀可见座头市内心的苍凉和孤独……
912	3112590	9	勉强及格。演黑道妹妹的池真弓真漂亮啊。这集讲市和一个黑道家族的羁绊（被二代目暗杀未成又被大姐救了），出于报恩再次掺合了一场官府介入的黑道夺河战（以河为界好像狮群啊）。开场的苍蝇被斩第一视觉饶有趣味，这个系列在镜头的使用上真是有大映的勃勃生气。片尾的红色浸染了复仇的宣泄
913	3112590	8	打得最好的一集。开始斩苍蝇，48分钟水下斩人。1：12：20干掉岗哨，暗影出场好有威势。连续端掉岗哨烘托了大战前的气氛。暗黑杀神灭掉蜡烛，1：19俯拍长巷杀阵，还有焰火渲染，妙！这集开始彻底喜剧化。杀阵的精彩弥补了剧情的浅薄。给小孩买糖，落进大坑一段说来搞笑，也是一则人心的寓言。
914	3112590	6	ʕ•̫͡•ʕ*̫͡*ʕ•͓͡•ʔ-̫͡-ʕ•̫͡•ʔ*̫͡*ʔ-̫͡-ʔ，ヾ(ﾟД｀;≡;´Дﾟ)ﾉﾞ【扶我起来，我要掘大坑】
915	3112590	8	风烟渡：蝼蝈鸣；蚯蚓出；王瓜生。
916	1850640	8	不到一个小时，我也睡着了、、、 OST是不错
917	1850640	8	01威尼斯竞赛单元
918	1850640	10	泰西内的摩洛哥片都很灵啊
919	1850640	9	太不友好了，法语里夹杂了西班牙语和阿拉伯语。男主留了胡子完全认不出来了。至于故事，少了文化背景剩下的只有琐屑
920	1850640	8	老早看过了，近日想重温一下
921	3195432	9	如此想法，空前绝后。如此拍法，绝后空前。终于明白戈达尔为什么会说：电影止于阿巴斯。
922	3195432	8	看样子电影真的要死在阿巴斯手里
923	3195432	9	妈的，看得我一肚子气！阿巴斯你去死吧！这意义何在啊！
924	3195432	7	这是一部把镜头脱离开荧幕转而折向观众本身的实验长片，大抵可归结为“阿巴斯的情绪特写下的电影听力课”。而就像阿巴斯所笃信的，那些或欢乐或悲伤的温润眼神，又何尝不是一座座细小的电影院呢？PS：阿巴斯说，一些悲伤的镜头可以通过很幽默的方式表现出来。
925	3195432	9	Kiarostami pousse à l'extrême le rapport son-image faisant recours à un dispositif radicalement ingénieux. Belle idée pour un court, hélas..
926	1864491	7	有点像可爱的骨头，亲情的描述还挺感人的，但是编剧实在有点太意识流&NC了，是不是差点就要让男女主都复活来个大团圆结局= =男主有点像年轻时的阿汤哥
927	1864491	10	灵魂出窍 对真实世界无法影响一系列动作有点意思 整体来说较平庸
928	1864491	6	一命换一命
929	1864491	8	不完美结局！
930	1864491	8	表现阴阳界从物理上相隔的手法太拙劣
931	2127788	6	韩版细节出彩气氛浓厚，美版表演自然情节流畅。个人喜欢美版多一点，至少因为易于理解让人更能感同身受。
932	2127788	7	在也没有第一次看这类片的震撼，有点腻了，
933	2127788	10	结局基本已了，艺术气质不如韩版《蔷花.红莲》。
934	2127788	8	翻拍的不错的算是
935	2127788	10	2013.4.27没认真看
936	1296684	10	一直觉得维尼脱胎于中国的道家思想
937	1296684	6	以前的动画风格好温柔啊，幸福和痛苦同在，和谐共舞。不知道从什么时候开始，正就开始一定要消灭邪了，可能在于人么追求生活品质的 提高，而且不愿意去承担反面吧。
938	1296684	10	是讨人喜爱风格的那一部分动画的代表形象，有谁知道其实是改编作品小熊原名叫pooh么？
939	1296684	10	一个个纯真的单细胞角色映照的是童年那安全而温暖的家庭世界，角色配音都堪称完美，节奏感比多数好莱坞动画的打闹气氛要舒缓很多。以童书翻页来衔接空间与段落，甚至把文字字母与其中人物互动起来很诗意的表现了长辈给孩子讲故事的情境。最让人回味的还是略带伤感的结局，克里斯托弗罗宾终将长大，离开家庭，但无忧的家园，安宁的理想，温暖的友情仍会留在心里，也会一代代流传下去，让现实世界逐渐变得更美好
940	1296684	9	Winnie形象深入人心。。但个人觉得Winnie有点呆。。还是Mickey嗲。。
941	3278804	10	人间处处有温情:)
942	3278804	9	看的累死 老片子是粗糙
943	3278804	8	最喜欢的圣诞电影没有之一，每年圣诞节必重温
944	3278804	9	比2009的動畫版俐落多了欸，2015.12.24
945	3278804	7	2009.道理很简单，有舍才有得，舍钱财，舍感情，舍时间。人与人之间说来说去还是交换。如果这老头没钱怎么办？
946	2971681	6	大厦将倾 乱象丛生/3星半
947	2971681	6	大国烂起。
948	2971681	7	84年，阿富汗战局恶化，体制崩坏边缘，苏联工业城市列宁斯克，无神论教授与农场主讨论意识和上帝，警察局长劫持幼女，自由主义下一代自娱自乐，空运棺材无处入葬……冤有头，债有主，杀无赦
949	2971681	10	哦，挺好的
950	2971681	9	真实事件吗。。。所以若干年后更极端的混乱无序也会降临天朝然后各类变态崛起吗。。。恐怖
951	1419052	10	真好啊，全方位的好啊：剧作标准，矛盾的累积与爆发，太中国市井；镜头语言出彩，画内画外人物的比对，剪影，逃窜时的晃动失焦，寻人段落的剪辑；表演也没得话说，不过最后却给这个这么苦逼的故事加了一个那么卡普拉式的结尾，太伤心了。
952	1419052	7	其实所有反应生活之苦的电影最后都可以加上一句，年头不对，现在同样如此。本片在剧作上颇抓人，情节紧凑，矛盾突出，几个主要角色性格都很鲜明。故事看得很压抑，却也很好看。后面的晃动镜头加虚焦很少见。蓝马、上官云珠、吴茵都表现很好。
953	1419052	7	后半段左翼倾向明显，阿珍特此而设略显多余；群像鲜明生动，富有生活气息，无论善恶都表现自然，打动人的总是最普通真切的情感，最难得的是，小人物的喜怒哀乐柴米油盐与解放前夕物价飞涨的历史大背景紧密契合；男主摔倒之前的摇晃镜头和昏迷中表现潜意识的闪回剪辑，都很前瞻。
954	1419052	8	世道一差，都市中产也会走投无路。家庭剧的壳，社会问题的核，同事借三百万救急还嫌少，街上擦个皮鞋要一万，黑心商人虚伪狡诈恩将仇报。在家庭内部关系的展现上不输小津，上官云珠从贤惠到炸毛固然精彩，蓝马的男主形象更是复杂难得，典型的夹在婆媳之间受夹板气的中国男人，还要努力维持尊严和良心。
955	1419052	6	@资料馆。不够锐利，稍多说教，过于左翼，摄影匠气，不过蓝马和上官演技真好。人穷志短又要苦中作乐，真是愁，愁，愁煞人啊。蓝马撞车前那段摇镜我惊了。
956	1417555	10	中国黑帮，吃象肉，果然在世界人民眼中 中国人就是什么都吃！
957	1417555	6	喜欢打戏
958	1417555	6	一场是华丽的过关式打斗长镜头，帅爆。另一场是折骨断筋百人斩，又被点燃。另外庙宇内，与卡普拉踢拳道的对决也影响深刻。ps:看托尼 贾的文戏比被他打还痛苦。
959	1417555	9	一路打，从泰国打到澳洲，托尼贾身手不俗，常有些高难度的动作，但总是感觉缺乏力度。他的形象也确实不适合演文戏，路会越走越窄，单就最后一场打四个澳洲壮汉的动作设计来看，还及不上当年成龙的灵活和李连杰的潇洒。
960	1417555	7	这部影片如果早拍摄二十年估计会产生一定的轰动效应。可惜，这部影片的整体水准只达到了港产片上世纪八十年代的水平，甚至还要粗糙不少。影片为了突出男主人公“打”的特点，全部剧情均围绕此展开，全然不顾故事的合理性与逻辑性，人物塑造几乎是空白。并且整部影片引以为傲的功夫表演痕迹过于明显。
961	25828521	6	拍得跟韩剧似的。。两位还是演剧比较合适
962	25828521	7	从女强男弱加暧昧十八年这样的剧情就能够看出编剧的想象力有多么的贫瘠，叙事毫无章法，设计的副线人物也很脸谱化，要不是李胜基和文彩元的对手戏还有那么点欢快的意思的话，那这戏还真是没有任何可取之处。
963	25828521	10	给一个漂亮女主当18年备胎，勉强是可以理解的。但是女二胸大人浪主动不粘人，这样都不接受也是有点……觉得女二好过女一
964	25828521	8	……………喫飯時候點開了BILIBILI而已………………女主角還是挺可愛的
965	25828521	8	老好人和女汉子。。。郑俊英有点像福士苍汰啊。。。
966	1293508	7	“史诗”喜剧片
967	1293508	9	彻彻底底的美国闹剧。几辆车的人边开车边各怀鬼胎讨论不休，怎么分钱的一大串饶舌的争论，都是经典设计。之后各人各显神通，就变得更话唠了。而且吵吵闹闹胡打胡闹。不忍看。直接拉到最后，高楼防火楼梯，消防云梯上的争夺，也算奇观之一，可看。最后是所有人打绷带住院结束。
968	1293508	10	今天再也拍不出這樣的電影了！拍罄《紐倫堡大審判》的Stanley Kramer，下一部竟是史詩規格的喜劇片，前無古人、後無來者。長而不悶，飛車追逐、各式特技很歡樂、很鬧騰，可惜仍沒有喜劇宗師Buster Keaton的作品帶感──老爺子在裏頭也只客串一分鐘、一句台詞...。
969	1293508	8	一场对金钱的追逐之旅，寻宝路上八个人各种荒诞可笑各种嬉笑怒骂，各色人等贪婪的嘴脸尽显无疑，幽默之极又淋漓尽致的批判，人性的贪婪丑陋尽显无疑。但是我想说的是这片子三小时看的实在闹腾，最后结尾的消防车弹簧梯太好玩了哈哈。
970	1293508	9	這部荒誕喜劇應該叫《風吹鷄蛋殼》，這種自上而下無個好人的電影啓蒙了很多人，譬如某石頭。不止一個人，拿了錢竟是爲了解決家庭問題，還有那個經典的大媽，原來不是中國專享，多麽寫實——PS：這個超長版實在是享受不能，太多打斷，我寧看160分鐘劇場版。
971	6109756	6	我今年看过最爱的外语片. Cinéma vérité的终结者. 我看着电影, 感觉自己就跟着安德斯一起不停地游走奥斯陆. 最后跪坐在他床前看他结束8月31号这天. 太深刻的真实了. 太真挚的拍摄.这是我一直以来认为好电影的模板. 小故事, 大感悟.
972	6109756	10	喜歡到了極點。不管冷靜下來成不成為得了經典。見到導演本人是非常幸運的事。有一些只有一些人才能理解的生活方式和態度是無法用回答觀眾問題來解釋的。
973	6109756	6	奔三张儿的北欧哥俩好
974	6109756	7	燈蛾撲火？！
975	6109756	9	LOSER的一天
976	3011980	8	边吃边看——果然，津津有味！
977	3011980	7	我们把怪兽咬死吧！
978	3011980	8	越拍越烂。大部分时间都黑乎乎的场景，不如拍乌鸦好了。
979	3011980	6	目前看过的最血腥最恶心的电影 但空手道小子出场简直是搞笑 最后居然还出来一个。。。
980	3011980	10	除了Slasher被杀那段让人眼前一亮之外，剩下的都是shit。
981	2134835	6	一部非常漂亮的黑色电影。Richard Widmark的表演又邪又脆弱，可说是影史上最耀眼的反角之一。这种带有同性密恋色彩的黑帮团体让人想到老法的爱比死更冷，尤其是同样出现了女性被殴打的段落。不过和尼古拉斯雷的同类电影相比，显得还欠一点点挖掘。
982	2134835	10	这个是最早版本的无间道嘛？
983	2134835	6	那个时期部分黑色电影喜欢的纪实性旁白，把这个片子乔装成了一部FBI破案纪实片。黑帮头领的样子很脸熟就是像不起来哪部片子看过。
984	2134835	7	视频 t77a1c6fea 中字 t7ca1c066e
985	2134835	7	前半部分FBI刑侦事务的流程展示部分相当新鲜，有点教学纪录片的味道。后半部分的互派卧底斗智斗勇部分有些冗长无趣。后二十分钟看得昏昏欲睡。FBI投拍主旋律片子主角高大全，反派实力弱，脾气差，智商低。
986	1302912	9	戲院沒茶無人理會唯唯諾諾，家中沒茶亂摔東西朝老婆發火；壓力鍋現場煮食推銷已經失敗過一次，愚忠者的反應卻是那麼好的東西怎麼沒有人買呢，最終被自己口中的好東西炸死；被車撞反而因禍得福對肇事者不住口道謝說對不起，一家人吃蘋果的樣子真是讓人不知道說什麼好，難怪當初會有削蘋果事件～
987	1302912	7	《儿子的大玩偶》：最早还是在中国电影博物馆对台湾电影的介绍中得知的，我一直以为“大玩偶”是母亲，没想到是父亲；更没想到这会是三个生活不易的家庭的故事短片串联的电影；《小琪的那顶帽子》：我差点以为是恋童癖；《苹果的滋味》：真的，要不是格雷上校是大好人，就不会是这样相对美好的故事了。
988	1302912	6	感慨一下阿西叔可比他闺女可爱多了，人类究竟有没有未来了
989	1302912	8	万仁的《苹果的滋味》很有意思，当年看他的《超级市民》就被震过一回，感觉他有点被低估了，“超级三部曲”也很难找啊。
990	1302912	10	The first one, 3 stars, the second one, 4 stars, the last one, 6 stars.
991	3530752	6	这明明是一部争取人权的大片，哪个孙子给翻译成了“我们需要性”？
992	3530752	7	ODEON网站上给了四星，所以决定去看。口音有些不适应，但如果出了DVD版，会考虑屯一张慢慢看。基于真实事件改编，1968年的英国小镇，场景极具年代特色，男性主权世界里人数少得仅像点缀一样的女工们，简陋的工作环境，不平等的待遇，最爱女主角说“EVERYBODY~ OUT"
993	3530752	9	要不要这么励志啊！
994	3530752	9	罢工，要求公平。好了，凡是天朝缺失的一律打五分
995	3530752	9	女人为了equal pay罢工，还是挺励志的，但是没有美国人拍的那么煽情罢了，别有一番风味
